company_name,status,size,suburb/town,state,ABN,URL
Peregian Beach Surf Club Incorporated,"
            Registered          ","
            Information Unavailable          ","
            Noosaville          ","
            QLD          ",70949235419,https://www.acnc.gov.au/charity/bbeffae8c3ab796c63983fab0fec5980
Red Rock - Corindi Surf Club Fundraising Committee,"
            Revoked          ","
            Information Unavailable          ","
            Information Unavailable          ","
            Information Unavailable          ",43503761725,https://www.acnc.gov.au/charity/8ca891d54c864b070edc32d778c86f9a
Canberra Surf And Lake Club,"
            Registered          ","
            Small          ","
            Hughes          ","
            ACT          ",95252260215,https://www.acnc.gov.au/charity/688b522c2de881554ac7a9a8ef68e3d9
Cairns Surf Life Saving Club,"
            Registered          ","
            Medium          ","
            Palm Cove          ","
            QLD          ",73096592269,https://www.acnc.gov.au/charity/7e1c8de360a286476b630ef4e271dfca
Albany Surf Life Saving Club,"
            Registered          ","
            Small          ","
            Albany          ","
            WA          ",57657202934,https://www.acnc.gov.au/charity/d1b13eeb1423b79d003ac01b19e92db4
Austinmer Surf Lifesaving Club Incorporated,"
            Registered          ","
            Medium          ","
            Austinmer          ","
            NSW          ",57984732704,https://www.acnc.gov.au/charity/92c444ba803273cc7b3f7308a58a1fc0
Brighton Surf Lifesaving Club Inc,"
            Registered          ","
            Medium          ","
            Brighton          ","
            SA          ",28628975864,https://www.acnc.gov.au/charity/8eefcc315520d711301cee1ede0c2bd6
Busselton Surf Life Saving Club,"
            Registered          ","
            Small          ","
            Busselton          ","
            WA          ",84771730359,https://www.acnc.gov.au/charity/53b94cdfeede38ef881fa5f4913e280a
Coledale Surf Life Saving Club,"
            Registered          ","
            Medium          ","
            Coledale          ","
            NSW          ",99892725133,https://www.acnc.gov.au/charity/f0de552185c435f27b57d3d50a6d184f
Floreat Surf Lifesaving Club Inc,"
            Registered          ","
            Medium          ","
            City Beach          ","
            WA          ",65092996799,https://www.acnc.gov.au/charity/9d692fc2f5d55c79b74d347094ea5b61
Freshwater Surf Life Saving Club,"
            Registered          ","
            Medium          ","
            Freshwater          ","
            NSW          ",15606956393,https://www.acnc.gov.au/charity/87de8a21dcd6e84bbd0ad0f0b601577c
Gunnamatta Surf Life Saving Club,"
            Registered          ","
            Medium          ","
            Fingal          ","
            VIC          ",43964186861,https://www.acnc.gov.au/charity/fe70f07ac33878f90057f8ec21524f25
Kurrawa Surf Life Saving Club,"
            Registered          ","
            Large          ","
            Broadbeach          ","
            QLD          ",36275406288,https://www.acnc.gov.au/charity/60b9c3477b281e3a38146ad909c6de7b
Mandurah Surf Lifesaving Club (Inc),"
            Registered          ","
            Small          ","
            Mandurah          ","
            WA          ",11166136776,https://www.acnc.gov.au/charity/6cfad8fbc18e8d30ba86dbd14702ffb6
Maroochydore Surf Lifesaving Club Inc,"
            Registered          ","
            Large          ","
            Information Unavailable          ","
            Information Unavailable          ",11229540191,https://www.acnc.gov.au/charity/431505464f1fcf0bba0fcc2a60dcd757
Newcastle Surf Life Saving Club,"
            Registered          ","
            Medium          ","
            Information Unavailable          ","
            Information Unavailable          ",42366587308,https://www.acnc.gov.au/charity/0e4810ae68c022c9f807726b8a002e4f
Rainbow Beach Surf Lifesaving Club,"
            Registered          ","
            Medium          ","
            Rainbow Beach          ","
            QLD          ",79300618601,https://www.acnc.gov.au/charity/541efd0756bff3b7a4df48f776a6381f
Sarina Surf Lifesaving Club Inc,"
            Registered          ","
            Small          ","
            Sarina Beach          ","
            QLD          ",64221537105,https://www.acnc.gov.au/charity/0b068c8d0a4a37b2b320405dcaac0d80
Toowoon Bay Surf Lifesaving Club,"
            Registered          ","
            Medium          ","
            Toowoon Bay          ","
            NSW          ",58960471011,https://www.acnc.gov.au/charity/1d9472c762e2bcd6e35b648ca04baa72
Urunga Surf Life Saving Club,"
            Registered          ","
            Medium          ","
            Urunga          ","
            NSW          ",28198791026,https://www.acnc.gov.au/charity/a82651b717b2e19867c7caa021c48e73
Yeppoon Surf Lifesaving Club Inc,"
            Registered          ","
            Small          ","
            Yeppoon          ","
            QLD          ",99103215707,https://www.acnc.gov.au/charity/88bc89e2ad0d04d15a3f65410d2f091c
Black Head Surf Life Saving Club Incorporated,"
            Registered          ","
            Medium          ","
            Black Head          ","
            NSW          ",39153927691,https://www.acnc.gov.au/charity/d5e9de3557c6b93e5b0a0e4453611088
Helensburgh Stanwell Park Surf Lifesaving Club Incorporated,"
            Registered          ","
            Small          ","
            Stanwell Park          ","
            NSW          ",92267821862,https://www.acnc.gov.au/charity/b2ccb78f801d339ba068e22617597eac
PENGUIN SURF LIFE SAVING CLUB INC.,"
            Registered          ","
            Information Unavailable          ","
            Preservation Bay          ","
            TAS          ",23219678408,https://www.acnc.gov.au/charity/f825374b675c5205927bd906d5ca4b7b
Tamarama Surf Life Saving Club Incorporated,"
            Registered          ","
            Small          ","
            Tamarama          ","
            NSW          ",44608168834,https://www.acnc.gov.au/charity/abde7c49e2f03f45c280fb1ed88cbe23
Northcliffe Surf Life Saving Club Inc,"
            Registered          ","
            Large          ","
            Surfers Paradise          ","
            QLD          ",63251188527,https://www.acnc.gov.au/charity/2c322ea2bf6d81fc649edb1701f6feb2
Agnes Water Surf Life Saving Club Inc,"
            Registered          ","
            Small          ","
            Agnes Water          ","
            QLD          ",45845287332,https://www.acnc.gov.au/charity/f54f81ce75d19c528279511db7c95ed7
Alkimos Surf Life Saving Club Inc.,"
            Registered          ","
            Small          ","
            Alkimos          ","
            WA          ",78406571985,https://www.acnc.gov.au/charity/cfb503641271bde2b9ad6169014e583f
Arcadian Surf Life Saving Club Inc,"
            Registered          ","
            Medium          ","
            Townsville          ","
            QLD          ",31184268117,https://www.acnc.gov.au/charity/7290b849ac14edb774f21bd430f3aaa5
Avoca Beach Surf Life Saving Club Inc.,"
            Registered          ","
            Large          ","
            Avoca Beach          ","
            NSW          ",76358503029,https://www.acnc.gov.au/charity/44332b6549b0a003b4743c36ebdde1bd
Warriewood Surf Club Fundraising Committee,"
            Revoked          ","
            Information Unavailable          ","
            Information Unavailable          ","
            Information Unavailable          ",37708751368,https://www.acnc.gov.au/charity/a3795c90d87911891dade65f83bb84a9
Devonport Surf Lifesaving Club,"
            Registered          ","
            Small          ","
            Devonport          ","
            TAS          ",18158180993,https://www.acnc.gov.au/charity/6dff402a119ee3a9ad3280b2bcccbd32
Somerset Surf Lifesaving Club,"
            Registered          ","
            Small          ","
            Somerset          ","
            TAS          ",82684212685,https://www.acnc.gov.au/charity/a1d8b83b57ec657eaf3692814a92a867
Port Bouvard Surf Lifesaving Club,"
            Registered          ","
            Medium          ","
            Mandurah          ","
            WA          ",68400951810,https://www.acnc.gov.au/charity/3ca95931210024cc91daa23645a3c8a0
Anglesea Surf Lifesaving Club Inc.,"
            Registered          ","
            Large          ","
            Anglesea          ","
            VIC          ",14544659974,https://www.acnc.gov.au/charity/a6dcf5d19a0be79cb4cafa0992c7ec9e
Bilgola Surf Lifesaving Club Inc,"
            Registered          ","
            Medium          ","
            Bilgola          ","
            NSW          ",64566803132,https://www.acnc.gov.au/charity/776381713ae9deba1566fb1e13ac771d
Brunswick Surf Life Saving Club,"
            Registered          ","
            Medium          ","
            Information Unavailable          ","
            Information Unavailable          ",95760856051,https://www.acnc.gov.au/charity/1d10b0385c81b51bb3d8b2f1c7ed7776
Coalcliff Surf Life Saving Club,"
            Registered          ","
            Small          ","
            Coalcliff          ","
            NSW          ",63802218616,https://www.acnc.gov.au/charity/f1b771122da25be10e82affc5306b77a
Copacabana Surf Lifesaving Club Inc,"
            Registered          ","
            Small          ","
            Copacabana          ","
            NSW          ",74274870207,https://www.acnc.gov.au/charity/93029af456b86a92b0606462e8e59398
Forster Surf Lifesaving Club Inc,"
            Registered          ","
            Small          ","
            Forster          ","
            NSW          ",93595891528,https://www.acnc.gov.au/charity/967cb8c1ccb5ab2eaef953d97548620e
Geraldton Surf Life Saving Club,"
            Registered          ","
            Small          ","
            Mahomets Flats          ","
            WA          ",83976723238,https://www.acnc.gov.au/charity/c0e38a4db65077a14786ca416a869b81
Inverloch Surf Life Saving Club,"
            Registered          ","
            Small          ","
            Inverloch          ","
            VIC          ",81679868651,https://www.acnc.gov.au/charity/069e4f031dec0b2384a4ec21888c991a
Mallacoota Surf Lifesaving Club incorporated,"
            Registered          ","
            Information Unavailable          ","
            Mallacoota          ","
            VIC          ",93661163132,https://www.acnc.gov.au/charity/876432e3623e89e4426f57d1fd131aa6
Marcoola Surf Lifesaving Club Inc,"
            Registered          ","
            Medium          ","
            Marcoola          ","
            QLD          ",12214510181,https://www.acnc.gov.au/charity/b630b55d0ce001fd100e3f6a4b343d52
Merewether Surf Lifesaving Club Inc,"
            Registered          ","
            Small          ","
            Merewether          ","
            NSW          ",70957910935,https://www.acnc.gov.au/charity/bce81c10b588f32b7fd9530e294cb1b9
Queenscliff Surf Life Saving Club,"
            Registered          ","
            Medium          ","
            Manly          ","
            NSW          ",43405483291,https://www.acnc.gov.au/charity/2f65870ca3d5bc9850eb3dcb530e9f57
Redhead Surf Life Saving Club,"
            Registered          ","
            Medium          ","
            Redhead          ","
            NSW          ",25386231109,https://www.acnc.gov.au/charity/340f674068dce72f977a1c6a2c527ddd
Tallebudgera Surf Lifesaving Club Inc,"
            Registered          ","
            Large          ","
            Palm Beach          ","
            QLD          ",45175889400,https://www.acnc.gov.au/charity/a99d67f6b8c765fec1e6157f2e1fcb91
Torquay Surf Lifesaving Club Inc.,"
            Registered          ","
            Medium          ","
            Torquay          ","
            VIC          ",95834027136,https://www.acnc.gov.au/charity/56fa4dd80b061dfac9c41b0db87fe1c1
Wye River Surf Lifesaving Club,"
            Registered          ","
            Small          ","
            Wye River          ","
            VIC          ",25294896448,https://www.acnc.gov.au/charity/a646b90688b23471b774230d18a5017f
Alexandra Headland Surf Life Saving Club Inc,"
            Registered          ","
            Large          ","
            Alexandra Headland          ","
            QLD          ",67688394718,https://www.acnc.gov.au/charity/b4f4b25bc00ea4536125816c9ba0e9d5
Corrimal Surf Life Saving Club Inc,"
            Registered          ","
            Small          ","
            East Corrimal          ","
            NSW          ",46968514791,https://www.acnc.gov.au/charity/0449f42b4924f94f55b6093f17b503a8
NARRABEEN BEACH SURF LIFESAVING CLUB INC,"
            Registered          ","
            Small          ","
            Narrabeen          ","
            NSW          ",98899009259,https://www.acnc.gov.au/charity/56d5f9c839069b6fb7660af0ed37228f
Sorrento Surf Life Saving Club Inc.,"
            Registered          ","
            Small          ","
            Sorrento          ","
            VIC          ",21543847781,https://www.acnc.gov.au/charity/55a447a12b127df42a8c1cae5f18e422
Batemans Bay Surf Life Saving Club Inc,"
            Registered          ","
            Small          ","
            Surf Beach          ","
            NSW          ",55189205693,https://www.acnc.gov.au/charity/fcec1a8c3482090a9901741c62e28c95
Surfers Paradise Surf Life Saving Club Inc,"
            Registered          ","
            Medium          ","
            Surfers Paradise          ","
            QLD          ",83390315675,https://www.acnc.gov.au/charity/a8dc6fddd150a20b53ddc6037d448612
Aldinga Bay Surf Lifesaving Club Inc.,"
            Registered          ","
            Medium          ","
            Aldinga Beach          ","
            SA          ",62263545980,https://www.acnc.gov.au/charity/5d42056aabacaa3aa2a48372a3abec25
Apollo Bay Surf Life Saving Club Inc.,"
            Registered          ","
            Small          ","
            Apollo Bay          ","
            VIC          ",61579241354,https://www.acnc.gov.au/charity/fce2d82744caa559126a25d4b58fc717
Avalon Beach Surf Life Saving Club Inc,"
            Registered          ","
            Medium          ","
            Avalon Beach          ","
            NSW          ",81096313417,https://www.acnc.gov.au/charity/ec19442066cdc3e0a09a88e29e483576
Ayr Surf Life Saving Club Inc,"
            Registered          ","
            Small          ","
            Alva          ","
            QLD          ",32462966053,https://www.acnc.gov.au/charity/d85cbe6bfeca148e5d335971417e654c
Bancoora Surf Life Saving Club Inc.,"
            Registered          ","
            Small          ","
            Ocean Grove          ","
            VIC          ",65095505705,https://www.acnc.gov.au/charity/24452963533edc793dbf16082c64b002
Bellambi Surf Life Saving Club Inc,"
            Registered          ","
            Small          ","
            Bellambi          ","
            NSW          ",31559131560,https://www.acnc.gov.au/charity/cc640b7d7f0b08700a634704773e8c9c
Bilinga Surf Life Saving Club Inc,"
            Registered          ","
            Small          ","
            Bilinga          ","
            QLD          ",81501062911,https://www.acnc.gov.au/charity/ccd0bcfe59b70dbdee6ae193995965e0
Birubi Point Surf Life Saving Club Incorporated,"
            Registered          ","
            Small          ","
            Anna Bay          ","
            NSW          ",67616021024,https://www.acnc.gov.au/charity/17a5758aa73d20f1d63e8e0a9b6f87fa
Bondi Surf Bathers Life Savings Club Incorporated,"
            Registered          ","
            Medium          ","
            Bondi Beach          ","
            NSW          ",78306614913,https://www.acnc.gov.au/charity/cf0bdf281149856832382140134bf994
Bribie Island Surf Life Saving Club Inc,"
            Registered          ","
            Medium          ","
            Woorim          ","
            QLD          ",48234084106,https://www.acnc.gov.au/charity/6ef0928b4486d2bd9486ee03dc8fb852
Broadbeach Surf Life Saving Club Inc.,"
            Registered          ","
            Medium          ","
            Broadbeach          ","
            QLD          ",67470166019,https://www.acnc.gov.au/charity/f60ba00a217b02ed41bcd0102f809daa
Broome Surf Life Saving Club Incorporated,"
            Registered          ","
            Medium          ","
            Cable Beach          ","
            WA          ",69552813093,https://www.acnc.gov.au/charity/7308e8c7cc00f904eef959182321d442
Bundaberg Surf Life Saving Club Inc,"
            Registered          ","
            Medium          ","
            Bargara          ","
            QLD          ",67054869018,https://www.acnc.gov.au/charity/6871c95d76fffb915ca6ae641643e7ba
Burnie Surf Life Saving Club Inc,"
            Registered          ","
            Small          ","
            Burnie          ","
            TAS          ",20690531660,https://www.acnc.gov.au/charity/373077fdca69041191a97d384f5e6aca
Byron Bay Surf Life Saving Club Inc,"
            Registered          ","
            Small          ","
            Byron Bay          ","
            NSW          ",91080651679,https://www.acnc.gov.au/charity/5e7cdcd8a2dc492d9beec1247bd5eba9
Camden Haven Surf Life Saving Club Incorporated,"
            Registered          ","
            Small          ","
            North Haven          ","
            NSW          ",62004921825,https://www.acnc.gov.au/charity/4e75ea719f1b48fa4280ab4fbdfddd0a
Cape Paterson Surf Life Saving Club Inc,"
            Registered          ","
            Small          ","
            Camberwell          ","
            VIC          ",78434245204,https://www.acnc.gov.au/charity/9166fedb865477bc4d0d022491d61874
Carrum Surf Life Saving Club Incorporated,"
            Registered          ","
            Small          ","
            Carrum          ","
            VIC          ",66265342567,https://www.acnc.gov.au/charity/d7073e32eadd9f2b8d3228dc619c1ec7
Champion Bay Surf Life Saving Club,"
            Registered          ","
            Small          ","
            Geraldton          ","
            WA          ",46572419623,https://www.acnc.gov.au/charity/48ccc1e4ac747d41f5cac65e539a9cc0
Chiton Rocks Surf Lifesaving Club Inc,"
            Registered          ","
            Large          ","
            Chiton          ","
            SA          ",62902946739,https://www.acnc.gov.au/charity/2062843f3b036553ae67b4877e05b2e3
City Of Bunbury Surf Lifesaving Club Inc,"
            Registered          ","
            Medium          ","
            Bunbury          ","
            WA          ",49959694957,https://www.acnc.gov.au/charity/cbbfcde902f508ecbff60c2e6bf57ffa
Clifton Beach Surf Life Saving Club Inc,"
            Registered          ","
            Medium          ","
            Clifton Beach          ","
            TAS          ",95273665453,https://www.acnc.gov.au/charity/6f6d8065dade20f5c295ddec45bea3d0
Coffs Harbour Surf Life Saving Club Ltd,"
            Registered          ","
            Medium          ","
            Coffs Harbour          ","
            NSW          ",54002880346,https://www.acnc.gov.au/charity/5d6d45f63b9b1a9efdb0f8d1abc1dc12
Coogee Beach Surf Lifesaving Club Inc,"
            Registered          ","
            Large          ","
            Munster          ","
            WA          ",52780565587,https://www.acnc.gov.au/charity/d09f492692c902856d74c1146a7e5a3e
Cooks Hill Surf Life Saving Club Inc,"
            Registered          ","
            Large          ","
            Bar Beach          ","
            NSW          ",17023819760,https://www.acnc.gov.au/charity/9210770454aa354e5deafe183e0c0bd0
Coolum Beach Surf Lifesaving Club Inc,"
            Registered          ","
            Large          ","
            Coolum Beach          ","
            QLD          ",47530546968,https://www.acnc.gov.au/charity/a4d2cad9377f669af78ae542acf8b7a5
Cronulla Surf Life Saving Club Inc,"
            Registered          ","
            Large          ","
            Cronulla          ","
            NSW          ",92741074881,https://www.acnc.gov.au/charity/2283b33562916775c935f013cf239ac0
Cudgen Headland Surf Life Saving Club Limited,"
            Registered          ","
            Large          ","
            Kingscliff          ","
            NSW          ",89056438530,https://www.acnc.gov.au/charity/f66ec3b1790da531d379855aea9c2bad
Currumbin Beach Junior Surf Lifesaving Club,"
            Revoked          ","
            Information Unavailable          ","
            Information Unavailable          ","
            Information Unavailable          ",39396798540,https://www.acnc.gov.au/charity/5a88a063e9a329800bdf596b1095a422
Dee Why Surf Lifesaving Club Incorporated,"
            Registered          ","
            Medium          ","
            Dee Why          ","
            NSW          ",39393896380,https://www.acnc.gov.au/charity/3567ee3be465eeb298741fd2c0e8ea13
Dicky Beach Surf Life Saving Club Inc.,"
            Registered          ","
            Medium          ","
            Dicky Beach          ","
            QLD          ",54619267288,https://www.acnc.gov.au/charity/da3b4ca64880ea227053203b17a3d86b
Dongara Denison Surf Life Saving Club Incorporated,"
            Registered          ","
            Small          ","
            Dongara          ","
            WA          ",96881276363,https://www.acnc.gov.au/charity/67331f667749ee619c64067bde2d0c82
Elliott Heads Surf Lifesaving Club Inc,"
            Registered          ","
            Small          ","
            Elliott Heads          ","
            QLD          ",81423865698,https://www.acnc.gov.au/charity/86057b09c1c894ac5603606303eb315f
Elouera Surf Life Saving Club Inc,"
            Registered          ","
            Large          ","
            Cronulla          ","
            NSW          ",87384377411,https://www.acnc.gov.au/charity/af33d329a9153e7ed8dfda02bae15e08
Beachport Surf Life Saving Club Inc.,"
            Registered          ","
            Information Unavailable          ","
            Beachport          ","
            SA          ",39494420118,https://www.acnc.gov.au/charity/062e69d014789993e1879835f182866f
Bermagui Surf Life Saving Club Inc,"
            Registered          ","
            Small          ","
            Bermagui          ","
            NSW          ",59551411543,https://www.acnc.gov.au/charity/dcc839d6581243d2a1da3481b350c339
Binningup Surf Life Saving Club (incorporated),"
            Registered          ","
            Small          ","
            Australind          ","
            WA          ",73391478164,https://www.acnc.gov.au/charity/018eab03984ea7b1ed2921aeade50f22
Boat Harbour Beach Surf Life Saving Club,"
            Registered          ","
            Small          ","
            Boat Harbour Beach          ","
            TAS          ",13927694487,https://www.acnc.gov.au/charity/bcc81cda94b53531bce13b6533b0a513
Bowen Surf Life Saving Club Inc.,"
            Voluntarily revoked          ","
            Information Unavailable          ","
            Information Unavailable          ","
            Information Unavailable          ",57142130662,https://www.acnc.gov.au/charity/46a0eb9879b41b1b95af5906517e9119
Bridport Surf Life Saving Club Inc,"
            Registered          ","
            Small          ","
            Bridport          ","
            TAS          ",94490022961,https://www.acnc.gov.au/charity/8e2c6784412225320ee44d2a0eb54f8d
Bronte Surf Life Saving Club Inc,"
            Registered          ","
            Large          ","
            Bronte          ","
            NSW          ",47683939515,https://www.acnc.gov.au/charity/5f985ab21b86035ed5a6db7ae68622a9
Bulli Surf Life Saving Club Incorporated,"
            Registered          ","
            Medium          ","
            Bulli          ","
            NSW          ",33908694170,https://www.acnc.gov.au/charity/dccc186bc17974a58100841570dad399
Bungan Beach Surf Life Saving Club Inc,"
            Registered          ","
            Small          ","
            Newport          ","
            NSW          ",63391106437,https://www.acnc.gov.au/charity/03125303dca69fa20c147fb87ef15805
Burning Palms Surf Life Saving Club,"
            Registered          ","
            Small          ","
            Casula          ","
            NSW          ",25945774843,https://www.acnc.gov.au/charity/b60789122cae0f0709dd11118eda6759
Cabarita Beach Surf Lifesaving Club Incorporated,"
            Registered          ","
            Medium          ","
            Cabarita Beach          ","
            NSW          ",44811676474,https://www.acnc.gov.au/charity/4e206e737d8d074ef0393bc9cf1df6aa
Cape Hawke Surf Lifesaving Club Incorporated,"
            Registered          ","
            Small          ","
            Forster          ","
            NSW          ",55908765052,https://www.acnc.gov.au/charity/9147016ffa61e85b0db576abc915c74b
Carlton Park Surf Life Saving Club Inc,"
            Registered          ","
            Medium          ","
            Dodges Ferry          ","
            TAS          ",28606295281,https://www.acnc.gov.au/charity/3b3eeb55a1f2b89a50e707482ce8f3cd
Caves Beach Surf Life Saving Club Inc,"
            Registered          ","
            Medium          ","
            Caves Beach          ","
            NSW          ",41558048456,https://www.acnc.gov.au/charity/293f2f7e408fbcd87b09816bb921fcfd
Chelsea Longbeach Surf Life Saving Club Inc.,"
            Registered          ","
            Small          ","
            Chelsea          ","
            VIC          ",87727017881,https://www.acnc.gov.au/charity/7e81abdb187eadcb76e0e4af0ba8f169
Christies Beach Surf Life Saving Club Incorporated,"
            Registered          ","
            Small          ","
            Christies Beach          ","
            SA          ",27983789248,https://www.acnc.gov.au/charity/c6e3d43ed44cc33f973f72e241d8d31b
City Of Perth Surf Life Saving Club Inc,"
            Registered          ","
            Medium          ","
            City Beach          ","
            WA          ",77020797331,https://www.acnc.gov.au/charity/fa7680e36f125864a7f36eda20db0f80
Clovelly Surf Life Saving Clubs Inc,"
            Registered          ","
            Medium          ","
            Clovelly West          ","
            NSW          ",42749604891,https://www.acnc.gov.au/charity/b5e79ad12cfeb5b93c89546a7b3e1a1c
Coochiemudlo Island Surf Life Saving Club Inc.,"
            Registered          ","
            Small          ","
            Coochiemudlo Island          ","
            QLD          ",63414907925,https://www.acnc.gov.au/charity/61b14c45e51b129dadeb0304ed1755df
Coogee Surf Life Saving Club Inc.,"
            Registered          ","
            Large          ","
            Coogee          ","
            NSW          ",65015261451,https://www.acnc.gov.au/charity/08d1551d6e1107e897c8e14be164af97
Coolangatta Surf Life Saving Club Inc,"
            Registered          ","
            Large          ","
            Coolangatta          ","
            QLD          ",36837670575,https://www.acnc.gov.au/charity/2e1a94dfae574e886df49805d665bf0b
Cottesloe Surf Life Saving Club Inc,"
            Registered          ","
            Medium          ","
            Cottesloe          ","
            WA          ",93729549261,https://www.acnc.gov.au/charity/e9eedad67b0159bf51f2c86139b29f64
Crowdy Head Surf Life Saving Club Inc,"
            Registered          ","
            Small          ","
            Crowdy Head          ","
            NSW          ",27911047117,https://www.acnc.gov.au/charity/760db0c43868aa8afd16513f61789073
CUDGEN HEADLAND SURF LIFE SAVING CLUB LTD,"
            Voluntarily revoked          ","
            Information Unavailable          ","
            Information Unavailable          ","
            Information Unavailable          ",87371076492,https://www.acnc.gov.au/charity/41fd7fa26a735e1237f4e25dabdb66da
Dalyellup Beach Surf Life Saving Club Incorporated,"
            Registered          ","
            Medium          ","
            Information Unavailable          ","
            Information Unavailable          ",86433003132,https://www.acnc.gov.au/charity/ae70d9884a944a7ac88d38165a54085f
Denmark Surf Life Saving Club Inc,"
            Registered          ","
            Small          ","
            Ocean Beach          ","
            WA          ",75039691404,https://www.acnc.gov.au/charity/5aa68a0582c2986c94f52caba83bdfdc
Dixon Park Surf Life Saving Club Inc,"
            Registered          ","
            Medium          ","
            Merewether          ","
            NSW          ",36248962500,https://www.acnc.gov.au/charity/82ab2df6aa41e45e9acf605bb82e5c06
Eimeo Surf Life Saving Club Inc.,"
            Registered          ","
            Small          ","
            Eimeo          ","
            QLD          ",29825839883,https://www.acnc.gov.au/charity/9c180bab0a70fb83b3e7a20d8e94003f
Ellis Beach Surf Life Saving Club Inc,"
            Registered          ","
            Small          ","
            Clifton Beach          ","
            QLD          ",52049850407,https://www.acnc.gov.au/charity/1e2b2eac72aaed497777051c8cfa3225
Emu Park Surf Lifesaving Club Inc,"
            Registered          ","
            Small          ","
            Emu Park          ","
            QLD          ",44635480382,https://www.acnc.gov.au/charity/d52932943ff147224db86e88470e4bec
Era Surf Life Saving Club Incorporated,"
            Registered          ","
            Small          ","
            Bulli          ","
            NSW          ",92275174739,https://www.acnc.gov.au/charity/1d38bf925191fcad7a45bcb233b15f56
Etty Bay Surf Life Savings Club Inc,"
            Registered          ","
            Small          ","
            Innisfail          ","
            QLD          ",83347395660,https://www.acnc.gov.au/charity/f4cbcce77d5e4c20a0161edffc46d77e
Fairy Meadow Surf Life Saving Club Inc,"
            Registered          ","
            Small          ","
            Fairy Meadow          ","
            NSW          ",86308967130,https://www.acnc.gov.au/charity/259e11e6526f521a242c68a75991a392
Fingal Rovers Surf Life Saving Club Inc.,"
            Registered          ","
            Small          ","
            Fingal Head          ","
            NSW          ",76032049295,https://www.acnc.gov.au/charity/fff7a3f23b5e044d8795f4f8ef3e1328
Fremantle Surf Life Saving Club Inc,"
            Registered          ","
            Medium          ","
            North Fremantle          ","
            WA          ",34048412533,https://www.acnc.gov.au/charity/4c78ed20581121ef31d95a36d2c7a2f6
Gerringong Surf And Life Saving Club Inc.,"
            Registered          ","
            Small          ","
            Werri Beach          ","
            NSW          ",69219855751,https://www.acnc.gov.au/charity/10c7dea9563ac6688c03a96e17b243a0
Goolwa Surf Life Saving Club Inc,"
            Registered          ","
            Large          ","
            Goolwa Beach          ","
            SA          ",97318447629,https://www.acnc.gov.au/charity/b79907e6ed4cb05189b5169989e6e8b4
Grange Surf Life Saving Club Inc,"
            Registered          ","
            Medium          ","
            Grange          ","
            SA          ",67807833911,https://www.acnc.gov.au/charity/197d6a305f807c7acab5419f31a42b0f
Hat Head Surf Life Saving Club Incorporated,"
            Registered          ","
            Small          ","
            Hat Head          ","
            NSW          ",16293052146,https://www.acnc.gov.au/charity/427773f2934d6402ffe7205c0858ad0e
Hervey Bay Surf Life Saving Club Inc.,"
            Registered          ","
            Small          ","
            Torquay          ","
            QLD          ",69758218649,https://www.acnc.gov.au/charity/2cda0e54c0a43cbfe93b669d12355561
Kawana Waters Surf Life Saving Club Inc,"
            Registered          ","
            Medium          ","
            Buddina          ","
            QLD          ",84253342007,https://www.acnc.gov.au/charity/479252092f94864b8e97c9218b37c62e
Kiama Downs Surf Life Saving Club Incorporated,"
            Registered          ","
            Small          ","
            Kiama Downs          ","
            NSW          ",71918486420,https://www.acnc.gov.au/charity/ff0112c07cb0f9816925245a88f341e0
Killcare Surf Life Saving Club Inc.,"
            Registered          ","
            Small          ","
            Killcare          ","
            NSW          ",56499340296,https://www.acnc.gov.au/charity/ed003ea684ed103e5a9bdf2b0ddd05f6
Kirra Surf Life Saving Club Inc.,"
            Registered          ","
            Small          ","
            Coolangatta          ","
            QLD          ",37906462454,https://www.acnc.gov.au/charity/8527201b93c38278dcdc680f3d2e0bf7
Long Reef Surf Life Saving Club Incorporated,"
            Registered          ","
            Small          ","
            Collaroy Beach          ","
            NSW          ",78012537376,https://www.acnc.gov.au/charity/3478a94c4090c2ca6b597626e030b034
MacMasters Beach Surf Life Saving Club Incorporated,"
            Registered          ","
            Medium          ","
            Kincumber          ","
            NSW          ",62774260161,https://www.acnc.gov.au/charity/dbbfde6cd803f9a5790ed3af224f4b49
Maroubra Surf Life Saving Club Incorporated,"
            Registered          ","
            Medium          ","
            Maroubra          ","
            NSW          ",43649693151,https://www.acnc.gov.au/charity/54ba3a773e83fa2bcb33be5487924bc0
Miami Beach Surf Life Saving Club Inc,"
            Registered          ","
            Small          ","
            Miami          ","
            QLD          ",94449171880,https://www.acnc.gov.au/charity/d6997b7cc5e7c671d9e81efbf5516200
Mission Beach Surf Life Saving Club Inc,"
            Registered          ","
            Small          ","
            South Mission Beach          ","
            QLD          ",75890357071,https://www.acnc.gov.au/charity/1c2d96de5579b4f3a38c35651025c1cd
Mollymook Surf Life Saving Club Incorporated,"
            Registered          ","
            Medium          ","
            Mollymook          ","
            NSW          ",26143432047,https://www.acnc.gov.au/charity/b80a1dcdc481f901eae30d7381e3fd99
Mooloolaba Surf Life Saving Club Inc,"
            Registered          ","
            Large          ","
            Mooloolaba          ","
            QLD          ",47784043829,https://www.acnc.gov.au/charity/c75d418b794a76082e644c8be301d8ef
Moruya Surf Life Saving Club Inc,"
            Registered          ","
            Small          ","
            Moruya Heads          ","
            NSW          ",72996492001,https://www.acnc.gov.au/charity/52fd03ddd1651bcb5df4e875f7cb71f2
Mullaloo Surf Life Saving Club Inc.,"
            Registered          ","
            Medium          ","
            Mullaloo          ","
            WA          ",41509966737,https://www.acnc.gov.au/charity/c37c3301997d21d27a94c98b4a8ceb45
Narooma Surf Life Saving Club Inc.,"
            Registered          ","
            Small          ","
            Narooma          ","
            NSW          ",52035469607,https://www.acnc.gov.au/charity/8930c12f4b0fc2ebf83ff49e8fcc3d3d
Nobby's Beach Surf Life Saving Club Inc,"
            Registered          ","
            Medium          ","
            Miami          ","
            QLD          ",40126679047,https://www.acnc.gov.au/charity/0b6c22bcf0224b781cfbb62b76c70444
Noosa Heads Surf Life Saving Club Inc,"
            Registered          ","
            Large          ","
            Noosa Heads          ","
            QLD          ",66935523192,https://www.acnc.gov.au/charity/036537c4b396bb92676a9909af217fac
North Avoca Surf Life Saving Club Inc,"
            Registered          ","
            Medium          ","
            North Avoca          ","
            NSW          ",66639566245,https://www.acnc.gov.au/charity/44321a8e56e1ba488f561ccca358a4fa
North Burleigh Surf Life Saving Club Incorporated,"
            Registered          ","
            Medium          ","
            Miami          ","
            QLD          ",32250692765,https://www.acnc.gov.au/charity/123316d4472f3490355267f6702e30fd
North Curl Curl Surf Life Saving Club,"
            Registered          ","
            Medium          ","
            North Curl Curl          ","
            NSW          ",74095397853,https://www.acnc.gov.au/charity/d3082e19b31e42792c07f21a1bbc2223
North Haven Surf Life Saving Club Inc,"
            Registered          ","
            Small          ","
            North Haven          ","
            SA          ",26923941238,https://www.acnc.gov.au/charity/348b8d25c5e95ed90641eda5573909fb
Esperance Goldfields Surf Life Saving Club Inc,"
            Registered          ","
            Small          ","
            Esperance          ","
            WA          ",29152695474,https://www.acnc.gov.au/charity/0caa3b35c4fe998a6f0bc23b728c2518
Fairhaven Surf Life Saving Club Incorporated,"
            Registered          ","
            Medium          ","
            Aireys Inlet          ","
            VIC          ",46931223741,https://www.acnc.gov.au/charity/257967a08fe21bcfb1848b505a8122c8
Fingal Beach Surf Life Saving Club incorporated,"
            Registered          ","
            Small          ","
            Fingal Bay          ","
            NSW          ",80879052334,https://www.acnc.gov.au/charity/df8cb5a964021f8092d622ed3e997813
Forrest Beach Surf Lifesaving Club Inc,"
            Registered          ","
            Small          ","
            Allingham          ","
            QLD          ",32547908820,https://www.acnc.gov.au/charity/da81068a4a72963517d82509a1c6bb0a
Garie Surf Life Saving Club Incorp,"
            Registered          ","
            Small          ","
            Engadine          ","
            NSW          ",62248693377,https://www.acnc.gov.au/charity/0cfdab08a029e601067216efdf112596
Glenelg Surf Life Saving Club Inc,"
            Registered          ","
            Large          ","
            Glenelg          ","
            SA          ",62134722716,https://www.acnc.gov.au/charity/d924e0447f006a1b9fab904f10fa99c7
Gove Peninsula Surf Life Saving Club Incorporated,"
            Registered          ","
            Small          ","
            Nhulunbuy          ","
            NT          ",73148533994,https://www.acnc.gov.au/charity/63b89516854e3d38ef27a335102825f1
Hallett Cove Surf Lifesaving Club Incorporated,"
            Revoked          ","
            Information Unavailable          ","
            Information Unavailable          ","
            Information Unavailable          ",78836437517,https://www.acnc.gov.au/charity/87bb663131acf24216e0e195ece7f03d
Henley Surf Life Saving Club Inc,"
            Registered          ","
            Large          ","
            Henley Beach South          ","
            SA          ",69573136317,https://www.acnc.gov.au/charity/2f292eb2968def51a8a40a2618d4e3e6
Jan Juc Surf Life Saving Club Inc,"
            Registered          ","
            Large          ","
            Torquay          ","
            VIC          ",21849701767,https://www.acnc.gov.au/charity/244b591ca01939fbc60eae4199a66da8
Kennett River Surf Life Saving Club Inc,"
            Registered          ","
            Small          ","
            Kennett River          ","
            VIC          ",74923037990,https://www.acnc.gov.au/charity/11a027a6435bef58825140c3684627f7
Kiama Surf Life Saving Club Inc,"
            Registered          ","
            Small          ","
            Information Unavailable          ","
            Information Unavailable          ",77671377278,https://www.acnc.gov.au/charity/826e372180733e4d1af19e737acc5a73
Kingston Beach Surf Life Saving Club Incorporated,"
            Registered          ","
            Small          ","
            Kingston Beach          ","
            TAS          ",88284300673,https://www.acnc.gov.au/charity/f62e62f450944535407d15d16a57dff9
Kirra Surf Life Saving Club_ACNC GROUP,"
            Registered          ","
            Small          ","
            Acncgroup          ","
            VIC          ",,https://www.acnc.gov.au/charity/619295a11a5721e9ef65c6479b4810d9
Mackay Surf Life Saving Club Inc,"
            Registered          ","
            Small          ","
            Outer Harbour Mackay          ","
            QLD          ",90501274674,https://www.acnc.gov.au/charity/c7923b892fb51d49374c9e5b8669173c
Margaret River Surf Lifesaving Club Inc,"
            Voluntarily revoked          ","
            Information Unavailable          ","
            Information Unavailable          ","
            Information Unavailable          ",75027605340,https://www.acnc.gov.au/charity/e26acf324733fc76a35bddb6afd2c996
Metropolitan Caloundra Surf Life Saving Club Incorporated,"
            Registered          ","
            Medium          ","
            Kings Beach          ","
            QLD          ",99632467963,https://www.acnc.gov.au/charity/031569befd8382f2d64309c9ded2f8d2
Mindil Beach Surf Life Saving Club,"
            Registered          ","
            Small          ","
            The Gardens          ","
            NT          ",83578543378,https://www.acnc.gov.au/charity/38e7537750c026ce473fbfefe3d047d3
Moana Surf Life Saving Club Inc,"
            Registered          ","
            Medium          ","
            Moana          ","
            SA          ",19316049350,https://www.acnc.gov.au/charity/9cb3aca5d3eb57ecbeb6b434364e63a3
Mona Vale Surf Lifesaving Club Inc,"
            Registered          ","
            Medium          ","
            Mona Vale          ","
            NSW          ",55385251630,https://www.acnc.gov.au/charity/604f6963120d71cbf7d2289efb9289e4
Moore Park Surf Life Saving Club Inc,"
            Registered          ","
            Small          ","
            Moore Park Beach          ","
            QLD          ",51361537150,https://www.acnc.gov.au/charity/548e968e111f23a0aab4ad74c2044230
Mudjimba Surf Life Saving Club Inc,"
            Registered          ","
            Small          ","
            Mudjimba          ","
            QLD          ",88104132551,https://www.acnc.gov.au/charity/27cd21d63081530b41394c9e690b631c
Nambucca Heads Surf Life Saving Club Incorporated,"
            Registered          ","
            Small          ","
            Nambucca Heads          ","
            NSW          ",72163036106,https://www.acnc.gov.au/charity/70d04137ecd41f94a818d537c04d7284
Newport Surf Life Saving Club Inc,"
            Registered          ","
            Medium          ","
            Newport          ","
            NSW          ",56603611439,https://www.acnc.gov.au/charity/0511bacdf468f03b7fca9da03eec7f1d
Nobbys Surf Life Saving Club Inc,"
            Registered          ","
            Small          ","
            Newcastle          ","
            NSW          ",70118833592,https://www.acnc.gov.au/charity/8c6005baf03e0ec95ed55ca03b79decc
Normanville Surf Life Saving Club Inc,"
            Revoked          ","
            Information Unavailable          ","
            Information Unavailable          ","
            Information Unavailable          ",66127417263,https://www.acnc.gov.au/charity/9f4a3914a054b2a3f0af4e2f5e6dace9
North Bondi Surf Lifesavings Club Inc,"
            Registered          ","
            Large          ","
            Bondi Beach          ","
            NSW          ",77272419031,https://www.acnc.gov.au/charity/1b30b6569f5e8bfbf7b07ad4b6488fe1
North Cottesloe Surf Life Saving Club (Inc),"
            Registered          ","
            Large          ","
            Cottesloe          ","
            WA          ",86242133144,https://www.acnc.gov.au/charity/11fefa45c8c8b0dd4fa60eea18a446ed
North Entrance Surf Life Saving Club,"
            Registered          ","
            Medium          ","
            The Entrance North          ","
            NSW          ",47575008738,https://www.acnc.gov.au/charity/16753d65678f4555003dc9a3219bc891
North Kirra Surf Life Saving Club Incorporated,"
            Registered          ","
            Medium          ","
            Information Unavailable          ","
            Information Unavailable          ",33082071619,https://www.acnc.gov.au/charity/9d4471a87bb968a58248051a6a7af9b9
North Narrabeen Surf Life Saving Club Inc.,"
            Registered          ","
            Medium          ","
            Narrabeen          ","
            NSW          ",84987305207,https://www.acnc.gov.au/charity/99b97a268caafcd0f9e100446f707085
North Wollongong Surf Life Saving Club Inc,"
            Registered          ","
            Medium          ","
            North Wollongong          ","
            NSW          ",77519751596,https://www.acnc.gov.au/charity/d8aa9acd2439115a6d14601dce5b4cdd
Ocean Beach Surf Life Saving Club,"
            Registered          ","
            Medium          ","
            Umina Beach          ","
            NSW          ",27871986250,https://www.acnc.gov.au/charity/b3be3845255ff9aa3c0100f4ffed6723
Pacific Palms Surf Life Saving Club Incorporated,"
            Registered          ","
            Small          ","
            Information Unavailable          ","
            Information Unavailable          ",77297625761,https://www.acnc.gov.au/charity/d4186a863967e6dac29ddde1f1d80486
Pacific Surf Lifesaving Supporters Club Inc,"
            Voluntarily revoked          ","
            Information Unavailable          ","
            Information Unavailable          ","
            Information Unavailable          ",85440605689,https://www.acnc.gov.au/charity/86eb2ccfdb4cbb52b94eaa4162c081de
Palm Beach Surf Life Saving Club Inc.,"
            Registered          ","
            Medium          ","
            Palm Beach          ","
            QLD          ",81799531933,https://www.acnc.gov.au/charity/7d89933fa1dc31c4a64d5425d1b8c270
Peregian Beach Surf Lifesaving Club Inc,"
            Voluntarily revoked          ","
            Information Unavailable          ","
            Information Unavailable          ","
            Information Unavailable          ",94284901407,https://www.acnc.gov.au/charity/e77d50bb2febe22ff2d3ebef8f9c4e9c
Point Lonsdale Surf Life Saving Club Incorporated,"
            Registered          ","
            Large          ","
            Point Lonsdale          ","
            VIC          ",90650713800,https://www.acnc.gov.au/charity/05ebfe84b86227a63bc0cbb4583d116c
Port Douglas Surf Life Saving Club Inc,"
            Registered          ","
            Small          ","
            Port Douglas          ","
            QLD          ",75174041384,https://www.acnc.gov.au/charity/cfff7cf81eb14b2affe0fd102f390832
Port Kembla Surf Life Saving Club Incorporated,"
            Registered          ","
            Small          ","
            Warrawong          ","
            NSW          ",84563239680,https://www.acnc.gov.au/charity/cae6ff7ebebbc245974db8e80948ed46
Port Noarlunga Surf Life Saving Club Incorporated,"
            Registered          ","
            Medium          ","
            Port Noarlunga          ","
            SA          ",66020020713,https://www.acnc.gov.au/charity/b374d5c40751f765169a3007f81386bf
Port Walcott Surf Life Saving Club Inc.,"
            Registered          ","
            Small          ","
            Millars Well          ","
            WA          ",30683371418,https://www.acnc.gov.au/charity/8687e2727a4f1befbdab3f74e93bd455
Portsea Surf Life Saving Club Inc,"
            Registered          ","
            Large          ","
            Melbourne          ","
            VIC          ",69006114727,https://www.acnc.gov.au/charity/31d54e5ce34c5c564808c375408d1490
Rainbow Bay Surf Life Saving Club Inc,"
            Registered          ","
            Medium          ","
            Coolangatta          ","
            QLD          ",39353295632,https://www.acnc.gov.au/charity/bcbd82d94e5274e8cea6a67c04b9d2c2
Salt Surf Life Saving Club Incorporated,"
            Registered          ","
            Large          ","
            Kingscliff          ","
            NSW          ",20435851012,https://www.acnc.gov.au/charity/d39e8602fb6ebd31a10aee0384d71bab
Sawtell Surf Life Saving Club Incorporated,"
            Registered          ","
            Medium          ","
            Sawtell          ","
            NSW          ",43320356044,https://www.acnc.gov.au/charity/75094823f59816ee10f684727174cf33
Scarboro Surf Life Saving Club Inc,"
            Registered          ","
            Medium          ","
            Scarborough          ","
            WA          ",91545935250,https://www.acnc.gov.au/charity/e206003486de305fe7a1d4185bb8c3b1
Seacliff Surf Life Saving Club Inc,"
            Registered          ","
            Large          ","
            Seacliff          ","
            SA          ",65603038011,https://www.acnc.gov.au/charity/cc53f74349739197e171727bae945ad6
Secret Harbour Surf Life Saving Club Incorporated,"
            Registered          ","
            Medium          ","
            Information Unavailable          ","
            Information Unavailable          ",65851571056,https://www.acnc.gov.au/charity/0961a85c76881b562110a0a512c7a6ea
Shellharbour Surf Life Saving Club Inc,"
            Registered          ","
            Small          ","
            Barrack Point          ","
            NSW          ",60579359253,https://www.acnc.gov.au/charity/da39877938ee8f84ae7842bdda282387
Smiths Beach Surf Lifesaving Club Inc.,"
            Registered          ","
            Small          ","
            Dunsborough          ","
            WA          ",69608149198,https://www.acnc.gov.au/charity/b56915caa0e76088aefa4e4112c33da1
Somerton Surf Life Saving Club Incorporated,"
            Registered          ","
            Small          ","
            Somerton Park          ","
            SA          ",85241889464,https://www.acnc.gov.au/charity/682ff2d13a11e8af72f56185dc5e9dae
South Maroubra Surf Life Saving Club Inc,"
            Registered          ","
            Medium          ","
            Maroubra          ","
            NSW          ",20186191094,https://www.acnc.gov.au/charity/537f46684c7ad0ce0ed9a269d645ca58
Southport Surf Life Saving Club Inc.,"
            Registered          ","
            Large          ","
            Main Beach          ","
            QLD          ",96957569507,https://www.acnc.gov.au/charity/9dac858b8bcb60b722701e30299bc723
Sunshine Beach Surf Life Saving Club Inc,"
            Registered          ","
            Large          ","
            Sunshine Beach          ","
            QLD          ",86489039083,https://www.acnc.gov.au/charity/b37065075e630f16f18b8bdec93a24d7
Sussex Inlet & District Surf Lifesaving Club Inc,"
            Registered          ","
            Small          ","
            Sussex Inlet          ","
            NSW          ",16937816547,https://www.acnc.gov.au/charity/744af18824bce345fb5034310cf392c2
Swansea-Belmont Surf Life Saving Club Limited,"
            Registered          ","
            Medium          ","
            Blacksmiths          ","
            NSW          ",54087305048,https://www.acnc.gov.au/charity/483a0143f62f81248f0166597837ea29
Tannum Sands Surf Life Saving Club Inc,"
            Registered          ","
            Small          ","
            Tannum Sands          ","
            QLD          ",29420390312,https://www.acnc.gov.au/charity/40692ee50f2c890c9bf334662eead8ab
Terrigal Surf Life Saving Club Incorporated,"
            Voluntarily revoked          ","
            Information Unavailable          ","
            Information Unavailable          ","
            Information Unavailable          ",80137041492,https://www.acnc.gov.au/charity/fa53d19b9ff4221f8282f5d11391428d
The Port Campbell Surf Life Saving Club Incorporated,"
            Registered          ","
            Medium          ","
            Port Campbell          ","
            VIC          ",24803275680,https://www.acnc.gov.au/charity/56839667bde09d3195813bbb19283058
North Steyne Surf Life Saving Club Inc,"
            Registered          ","
            Medium          ","
            Manly          ","
            NSW          ",99734830191,https://www.acnc.gov.au/charity/43aae6547c55e8a6490784f5ce4f7bf4
Nowra Culburra Surf Life Saving Club,"
            Registered          ","
            Small          ","
            Culburra Beach          ","
            NSW          ",99115839023,https://www.acnc.gov.au/charity/a7388a19cc9b8d2db326d6645d533cc0
Ocean Grove Surf Life Saving Club Inc,"
            Registered          ","
            Large          ","
            Ocean Grove          ","
            VIC          ",94392258995,https://www.acnc.gov.au/charity/33ecd7891743b816119793f31c331ff4
Pacific Surf Life Saving Club Inc,"
            Registered          ","
            Small          ","
            Palm Beach          ","
            QLD          ",24204476192,https://www.acnc.gov.au/charity/d1b466c2e7bdb82c9e140f902378cb6a
Palm Beach Surf Life Saving Club Inc,"
            Registered          ","
            Medium          ","
            Palm Beach          ","
            NSW          ",38070685763,https://www.acnc.gov.au/charity/147b9cc207b66de60c0ed0eb9f355b77
Pambula Beach Surf Life Saving Club Incorporated,"
            Registered          ","
            Small          ","
            Pambula Beach          ","
            NSW          ",83872472712,https://www.acnc.gov.au/charity/8af4a7802aafed37d0f2ecbed4bb31bd
Point Leo Surf Life Saving Club Incorporated,"
            Registered          ","
            Medium          ","
            Safety Beach          ","
            VIC          ",83471063765,https://www.acnc.gov.au/charity/e68183795fe2abe382387921d7b08e0f
Point Lookout Surf Lifesaving Club Inc,"
            Registered          ","
            Medium          ","
            Cleveland          ","
            QLD          ",67892838556,https://www.acnc.gov.au/charity/e3f4718a5434163c0949e0c988b5ac42
Port Elliot Surf Life Saving Club Inc.,"
            Registered          ","
            Small          ","
            Port Elliot          ","
            SA          ",44811071674,https://www.acnc.gov.au/charity/b239e1f5fe54bcdabc3de9ff208e6c4b
Port Macquarie Surf Life Saving Club Inc,"
            Registered          ","
            Medium          ","
            Port Macquarie          ","
            NSW          ",47032038365,https://www.acnc.gov.au/charity/a8cb9f4814d6a86706a78e1360cd64b6
Port Sorell Surf Life Saving Club,"
            Registered          ","
            Small          ","
            Hawley Beach          ","
            TAS          ",41825973960,https://www.acnc.gov.au/charity/82cd6be83b8eca3647418b78c2da8f6f
Portland Surf Life Saving Club Inc,"
            Registered          ","
            Small          ","
            Portland          ","
            VIC          ",21171389185,https://www.acnc.gov.au/charity/f63e20ef7ba6345306393055c6a58d4c
Quinns Mindarie Surf Lifesaving Club Inc,"
            Registered          ","
            Medium          ","
            Quinns Rocks          ","
            WA          ",15674140779,https://www.acnc.gov.au/charity/3f4f2543ce86524e6c664c218fe534c8
Robe Surf Life Saving Club Incorporated,"
            Registered          ","
            Small          ","
            Robe          ","
            SA          ",58165806600,https://www.acnc.gov.au/charity/9a85a192b66aecf50321b2563c2b7838
Sandon Point Surf Life Saving Club Incorporated,"
            Registered          ","
            Small          ","
            Bulli          ","
            NSW          ",82856599137,https://www.acnc.gov.au/charity/785468bea04ab7c92024b02c556305bc
Scamander Surf Life Saving Club Inc,"
            Registered          ","
            Small          ","
            Scamander          ","
            TAS          ",70209680163,https://www.acnc.gov.au/charity/fe4ac0b941a057121b29da4f45908e26
Scarborough Wombarra Surf Lifesaving Club Inc.,"
            Registered          ","
            Small          ","
            Wombarra          ","
            NSW          ",41120412951,https://www.acnc.gov.au/charity/7d5a962a5c41b2ef9148a59c7124d167
Seaspray Surf Life Saving Club Inc,"
            Registered          ","
            Medium          ","
            Seaspray          ","
            VIC          ",99744504944,https://www.acnc.gov.au/charity/6a604bdfb3de362ea5490d2d47b9d479
Semaphore Surf Life Saving Club Inc,"
            Registered          ","
            Medium          ","
            Port Adelaide Dc          ","
            SA          ",38803068615,https://www.acnc.gov.au/charity/b6e00ee2fa4fb03dcf343464d85104d4
Shelly Beach Surf Life Saving Club Incorporated,"
            Registered          ","
            Medium          ","
            Shelly Beach          ","
            NSW          ",75682049392,https://www.acnc.gov.au/charity/b3a0525f8f6e6f990aed6a509c5158c0
Soldiers Beach Surf Life Saving Club Inc,"
            Registered          ","
            Medium          ","
            Norah Head          ","
            NSW          ",74674215629,https://www.acnc.gov.au/charity/98b4b9664220ef4224f82320b7aa7a7e
Sorrento Surf Life Saving Club (Inc),"
            Registered          ","
            Medium          ","
            Sorrento          ","
            WA          ",70623378747,https://www.acnc.gov.au/charity/d1aac8e2ad30ca89dabc39785084d573
South Port Surf Life Saving Club Inc,"
            Registered          ","
            Small          ","
            Information Unavailable          ","
            Information Unavailable          ",51114459582,https://www.acnc.gov.au/charity/16d58c8f49bc4e167551bf0282101c72
Stockton Surf Life Saving Club Inc.,"
            Registered          ","
            Small          ","
            Stockton          ","
            NSW          ",81952288466,https://www.acnc.gov.au/charity/85c127d09e4eefe4a6c856e49707dc7b
Surf Life Saving South Australia Club Foundation,"
            Revoked          ","
            Information Unavailable          ","
            Information Unavailable          ","
            Information Unavailable          ",38923552206,https://www.acnc.gov.au/charity/59e58e098b136474b7c1e90dae2d95f2
Swanbourne Nedlands Surf Life Saving Club Inc,"
            Registered          ","
            Medium          ","
            Swanbourne          ","
            WA          ",93949145477,https://www.acnc.gov.au/charity/6a781db93c6aab476e70300dfa7089dc
Tacking Point Surf Lifesaving Club Inc,"
            Registered          ","
            Medium          ","
            Port Macquarie          ","
            NSW          ",89023565419,https://www.acnc.gov.au/charity/33fbe3fafc0f77eacc7a1b786c0c7087
Tathra Surf Life Saving Club Inc,"
            Registered          ","
            Small          ","
            Tathra          ","
            NSW          ",83772324079,https://www.acnc.gov.au/charity/5fa8899b5b7d382e705b2122ea3e497c
The Lakes Surf Life Saving Club Limited,"
            Registered          ","
            Small          ","
            Budgewoi          ","
            NSW          ",50056615377,https://www.acnc.gov.au/charity/cfac1913d7735f97a396de6630f2c5a3
The Trustee For Anglesea Surf Lifesaving Club Foundation,"
            Registered          ","
            Small          ","
            Anglesea          ","
            VIC          ",14944812708,https://www.acnc.gov.au/charity/5488f25c4229f9e22c554eefe0c28475
The Trustee for The Bronte Surf Life Saving Club Foundation,"
            Registered          ","
            Information Unavailable          ","
            Queens Park          ","
            NSW          ",99547127951,https://www.acnc.gov.au/charity/f2effce6dc5fa69501e194d7112cda6f
Torquay Surf Life Saving Club Foundation Inc,"
            Registered          ","
            Small          ","
            Information Unavailable          ","
            Information Unavailable          ",48353684979,https://www.acnc.gov.au/charity/37268b054abfd54e9f72856c41038df7
Towradgi Surf Life Saving Club Inc,"
            Registered          ","
            Small          ","
            Towradgi          ","
            NSW          ",24522940258,https://www.acnc.gov.au/charity/5c88ee1e50726f3f228a43461806b8be
Tugun Surf Life Saving Club Inc,"
            Registered          ","
            Medium          ","
            Tugun          ","
            QLD          ",23531283216,https://www.acnc.gov.au/charity/bcb0f01b4a72e2ea94dae96d7134b176
Umina Surf Life Saving Club Inc,"
            Registered          ","
            Medium          ","
            Umina Beach          ","
            NSW          ",51540929739,https://www.acnc.gov.au/charity/2d8df558c9aec5978517f06f2447fa7a
Walngawu Djakamirri Surf Life Saving Club Incorporated,"
            Voluntarily revoked          ","
            Information Unavailable          ","
            Information Unavailable          ","
            Information Unavailable          ",59615953239,https://www.acnc.gov.au/charity/ab51532e5306175b997baafd91a7e798
Wanda Surf Life Saving Club Incorporated,"
            Registered          ","
            Large          ","
            Cronulla          ","
            NSW          ",60850705106,https://www.acnc.gov.au/charity/86d89bc30b5be892b8bca23e12d65ff5
Warriewood Beach Surf Life Saving Club Inc,"
            Registered          ","
            Small          ","
            Warriewood          ","
            NSW          ",95461578195,https://www.acnc.gov.au/charity/5fcb988aae9e9de73e422ed14cbf9f93
West Beach Surf Lifesaving Club Incorporated,"
            Registered          ","
            Large          ","
            West Beach          ","
            SA          ",90162377327,https://www.acnc.gov.au/charity/393fafc710c29637e2e216cbe0453d21
Wollongong City Surf Life Saving Club Incorporated,"
            Registered          ","
            Small          ","
            Wollongong          ","
            NSW          ",17794015745,https://www.acnc.gov.au/charity/16d7f697e437884bec21987a89700d21
Woolamai Beach Surf Life Saving Club Incorporated,"
            Registered          ","
            Medium          ","
            Cape Woolamai          ","
            VIC          ",32949554248,https://www.acnc.gov.au/charity/39b266782c83303f73beba5ebb781fc6
Woonona Surf Life Saving Club Inc,"
            Registered          ","
            Small          ","
            Woonona          ","
            NSW          ",12586856905,https://www.acnc.gov.au/charity/73db08affa20110394ba71ea2dd42068
Currumbin Beach Vikings Surf Life Saving Club Inc,"
            Registered          ","
            Large          ","
            Currumbin          ","
            QLD          ",66528332039,https://www.acnc.gov.au/charity/9b6be1491a1eb9979d2bec2c8c4cba50
"KIRRA SURF LIFE SAVING CLUB INC AS THE OPERATOR OF A PBI
","
            Registered          ","
            Information Unavailable          ","
            Kirra          ","
            QLD          ",50693290606,https://www.acnc.gov.au/charity/7646a7300f61009988c01666138a89f4
TWEED HEADS AND COOLANGATTA SURF LIFE SAVING CLUB INCORPORATED,"
            Registered          ","
            Medium          ","
            Coolangatta          ","
            QLD          ",59962048592,https://www.acnc.gov.au/charity/3feb0da4e8daf075f5a58ffade0aaaf8
Catherine Hill Bay Surf Life Saving Club Inc,"
            Registered          ","
            Small          ","
            Catherine Hill Bay          ","
            NSW          ",37352006891,https://www.acnc.gov.au/charity/005c2b20e567cdfa672dc8b44a25dfa6
Golden Beach Surf Life Saving Club Victoria Incorporated,"
            Registered          ","
            Small          ","
            Golden Beach          ","
            VIC          ",47839278561,https://www.acnc.gov.au/charity/1389565ebe9dc21c5d3d462bbc6b37a0
Lorne Surf Life Saving Club Inc (Reg. No. A0007451U),"
            Registered          ","
            Large          ","
            Lorne          ","
            VIC          ",38826799374,https://www.acnc.gov.au/charity/55eb00789302570eeee236151d5ea5c2
Mermaid Beach AEME Surf Life Saving Club Inc,"
            Registered          ","
            Medium          ","
            Mermaid Beach          ","
            QLD          ",86206436082,https://www.acnc.gov.au/charity/469a6e4c25afe10d85d3a7b65cc0cded
North Avoca Surf Life Saving Club Inc Fund Raising,"
            Revoked          ","
            Information Unavailable          ","
            Information Unavailable          ","
            Information Unavailable          ",63889505437,https://www.acnc.gov.au/charity/42122f3e531e5e6e169b0fd3e523cba1
Port Fairy Surf Lifesaving Club Inc A1412Z,"
            Registered          ","
            Medium          ","
            Port Fairy          ","
            VIC          ",14565507323,https://www.acnc.gov.au/charity/7c8c70f689016b2b8b734c4b49af6b3a
South Curl Curl Surf Life Saving Club Inc.,"
            Registered          ","
            Medium          ","
            Curl Curl          ","
            NSW          ",88589451919,https://www.acnc.gov.au/charity/b99a3984524e3545a727e1a15c3141ad
Taree Old Bar Surf Life Saving Club Incorporated,"
            Registered          ","
            Small          ","
            Old Bar          ","
            NSW          ",50480256421,https://www.acnc.gov.au/charity/310c31abb8e9a4a9bbfa2311131bee88
The Trustee For The Harry Moore Soldiers Beach Surf Lifesaving Club Junior Trust,"
            Registered          ","
            Small          ","
            Toukley          ","
            NSW          ",51199883597,https://www.acnc.gov.au/charity/5fbabb61dff4beebed9b37ecb7705601
Umina Surf Life Saving Club Inc Activities Account,"
            Voluntarily revoked          ","
            Information Unavailable          ","
            Information Unavailable          ","
            Information Unavailable          ",82419215169,https://www.acnc.gov.au/charity/42a733d1b6e6ca176fdb6eb0b697faba
Whale Beach Property Surf Life Saving Club Incorporated,"
            Registered          ","
            Small          ","
            Avalon Beach          ","
            NSW          ",42042068751,https://www.acnc.gov.au/charity/ef09f1312ad49f37161caff91cc565a9
Broulee Surfers Surf Lifesaving Clubinc,"
            Registered          ","
            Small          ","
            Broulee          ","
            NSW          ",62456466445,https://www.acnc.gov.au/charity/6351069c37d7af595cd7a1ca71cc1882
Terrigal Surf Life Saving Clubincorporated,"
            Registered          ","
            Medium          ","
            Terrigal          ","
            NSW          ",87253066398,https://www.acnc.gov.au/charity/1334455b396804b7469c2541deea9731
Narrabeen Beach Surflifesaving Club Inc,"
            Registered          ","
            Small          ","
            Narrabeen          ","
            NSW          ",90827832504,https://www.acnc.gov.au/charity/89969e0c0f178445802d4ccda8aaf37f
Burleigh Heads Mowbray Park Slsc Inc,"
            Registered          ","
            Large          ","
            Burleigh Heads          ","
            QLD          ",30933975671,https://www.acnc.gov.au/charity/0de72e2a447e37fb4fcaa558335275f4
Thirroul Surf Life Saving Club Inc,"
            Registered          ","
            Small          ","
            Thirroul          ","
            NSW          ",82153254056,https://www.acnc.gov.au/charity/b9d22077c848cfe25e9206a0b00f71ce
Townsville Picnic Bay Surf Lifesaving Club Inc,"
            Registered          ","
            Medium          ","
            Townsville          ","
            QLD          ",65025300369,https://www.acnc.gov.au/charity/447754a5d746105b38f3cfb1fe0ebc27
Trigg Island Surf Life Saving Club (Inc),"
            Registered          ","
            Medium          ","
            Trigg          ","
            WA          ",46420647859,https://www.acnc.gov.au/charity/f92eb545b703fcba603911291bc76010
Ulverstone Surf Life Saving Club Inc,"
            Registered          ","
            Small          ","
            Ulverstone          ","
            TAS          ",88648517643,https://www.acnc.gov.au/charity/173a7db98c819e6102dc0e86d5d7e4b4
Venus Bay Surf Life Saving Club Inc,"
            Registered          ","
            Small          ","
            Bentleigh          ","
            VIC          ",27956542350,https://www.acnc.gov.au/charity/f4200d0606fdb8244fa3a3a74b8c4bc3
Wamberal Surf Life Saving Club (Inc),"
            Registered          ","
            Medium          ","
            Wamberal          ","
            NSW          ",41162438813,https://www.acnc.gov.au/charity/f4425111f304be3f0683d0423878638b
Waratah Beach Surf Life Saving Club Inc.,"
            Registered          ","
            Small          ","
            Sandy Point          ","
            VIC          ",16531142806,https://www.acnc.gov.au/charity/d3e70f641d82766927f4c026b5d0b4dd
Warrnambool Surf Life Saving Club Inc,"
            Registered          ","
            Medium          ","
            Warrnambool          ","
            VIC          ",37766767683,https://www.acnc.gov.au/charity/2148004b65061084468fabd9b6649512
Windang Surf Life Saving Club Inc.,"
            Registered          ","
            Small          ","
            Information Unavailable          ","
            Information Unavailable          ",97839491308,https://www.acnc.gov.au/charity/9f76e6f61597e9ca51f62ad9728a408c
Woodside Beach Surf Life Saving Club Inc,"
            Registered          ","
            Small          ","
            Woodside Beach          ","
            VIC          ",31866225413,https://www.acnc.gov.au/charity/80305d9521e9ed3f53847cdbe57a23d1
Woolgoolga Surf Life Saving Club Inc.,"
            Registered          ","
            Large          ","
            Woolgoolga          ","
            NSW          ",11434864088,https://www.acnc.gov.au/charity/4bf5ec1e54cbb2a2a45171cfb1a56c55
Yamba Surf Life Saving Club Inc,"
            Registered          ","
            Medium          ","
            Yamba          ","
            NSW          ",15327568072,https://www.acnc.gov.au/charity/776f94ab7c3df382e42e2f79401351f0
Kempsey Crescent Head Surf Life Saving Club Inc Senior,"
            Registered          ","
            Small          ","
            Crescent Head          ","
            NSW          ",81699434179,https://www.acnc.gov.au/charity/1f5ad5794bfc3eb736d72678ae185593
THE TRUSTEE FOR SURF LIFE SAVING SOUTH AUSTRALIA CLUB FOUNDATION,"
            Registered          ","
            Medium          ","
            West Beach          ","
            SA          ",69209331324,https://www.acnc.gov.au/charity/21652f25a302744169ce4c91f1fbd940
Ballina Lighthouse And Lismore Surf Life Saving Club Inc,"
            Registered          ","
            Medium          ","
            East Ballina          ","
            NSW          ",64923973436,https://www.acnc.gov.au/charity/b740e925fdc3c79dc586882b0561a3a0
Coolangatta Surf Lifesaving Club Past Members Association Inc,"
            Revoked          ","
            Information Unavailable          ","
            Information Unavailable          ","
            Information Unavailable          ",29960539195,https://www.acnc.gov.au/charity/2ee38674ecf621457ce39d6db80b2730
Lennox Head/Alstonville Surf Life Saving Club Inc.,"
            Registered          ","
            Small          ","
            Lennox Head          ","
            NSW          ",31083456700,https://www.acnc.gov.au/charity/a35e47e061c2e6b4caee2345e4e5c471
Macksville Scotts Head Surf Life Saving Club Inc,"
            Registered          ","
            Small          ","
            Scotts Head          ","
            NSW          ",31637315870,https://www.acnc.gov.au/charity/22cf6f9b477c69d8f490d986ec7cccd6
Minnie Water Wooli Surf Life Saving Club Incorporated,"
            Registered          ","
            Small          ","
            Grafton          ","
            NSW          ",16293381983,https://www.acnc.gov.au/charity/a2b4f0a84b9c69482724da8b08061c92
North Palm Beach Surf Life Saving Club Inc,"
            Registered          ","
            Small          ","
            Palm Beach          ","
            NSW          ",59187371628,https://www.acnc.gov.au/charity/7769f55ffa68aa7e864d4d11084a9531
Red Rock Corindi Surf Life Saving Club Inc,"
            Registered          ","
            Small          ","
            Corindi Beach          ","
            NSW          ",40924358532,https://www.acnc.gov.au/charity/79a46bd028655a91d0c6a6f30c8a24a3
South West Rocks Surf Life Saving Club Incorporated,"
            Registered          ","
            Medium          ","
            South West Rocks          ","
            NSW          ",43527538956,https://www.acnc.gov.au/charity/ed6605d2ac6ca28fe36b4db8840c147a
Tea Gardens Hawks Nest Surf Lifesaving Club Inc,"
            Registered          ","
            Small          ","
            Hawks Nest          ","
            NSW          ",58993838971,https://www.acnc.gov.au/charity/066566a4f0c556d6bd04261f8c54658b
Torquay Surf Lifesaving Club Trust (Jack Harris Memorial),"
            Registered          ","
            Small          ","
            Jan Juc          ","
            VIC          ",63314735506,https://www.acnc.gov.au/charity/87a0975bc3627be6f7acafe5af764d05
Warilla Barrack Point Surf Life Saving Club Inc,"
            Registered          ","
            Small          ","
            Warilla          ","
            NSW          ",93459108513,https://www.acnc.gov.au/charity/e3396673b9915bf7bebb04e2ac7bd34b
Whyalla Surf Life Saving Clubincorporated,"
            Registered          ","
            Small          ","
            Whyalla          ","
            SA          ",61860658309,https://www.acnc.gov.au/charity/bd8d7e91ba70c3aed41361688774ae29
Collaroy Surf Life Saving Clubincorporated,"
            Registered          ","
            Medium          ","
            Collaroy Beach          ","
            NSW          ",66023772886,https://www.acnc.gov.au/charity/dcd1d75e805016d58949504329b9e01e
South Narrabeen Surf Life Saving Clubincorporated,"
            Registered          ","
            Small          ","
            Narrabeen          ","
            NSW          ",90853268642,https://www.acnc.gov.au/charity/f0b9e8304492633ad8a745fe787c5482
King's Men Christian Motorcycle Club,"
            Registered          ","
            Information Unavailable          ","
            Surfers Paradise          ","
            QLD          ",53961841800,https://www.acnc.gov.au/charity/6ea4fee9b5e3aadf24fa44b341ff7f3d
