Name,ABN,Address_streetblock,Address_locality,postcode,Email,Address For Service email,Charity Size,Who the charity helps,Date established,Last reported,Next report due,Financial Year End,States,Total_Income,TGI_Government Grants,TGI_Donations_and_Bequests,TGI_Goods_or_Services,TGI_Income_Investments,TGI_Other Revenues,Total_Expense,TE_Grants_and_Donations_in_Australia,TE_Grants_Donations_Outside_of_Australia,TE_Interest,TE_Employees,TE_Other
Mandurah Surf Lifesaving Club (Inc),11166136776,Po Box 3200,Mandurah,6210,mhslsc@mybeach.com.au,mhslsc@mybeach.com.au,Small,"Children - aged 6 to under 15,Families",1996,10 September 2018,31 October 2019,30-4月,WA," $143,742.00",50000,11935,0,0,81807," $127,121.00",0,0,0,9322,117799
Freshwater Surf Life Saving Club,15606956393,1 Kooloora Ave,Freshwater,2096,exo@freshwaterslsc.com,exo@freshwaterslsc.com,Medium,General community in Australia,1907,21 January 2020,30 September 2020,31-3月,NSW," $572,697.00",6734,11710,534915,7872,11466," $573,657.00",0,0,0,75516,498141
Kurrawa Surf Life Saving Club,36275406288,Lot 1 Old Burleigh Road,Broadbeach,4218,lifesaving@kurrawasurf.com.au,finance@kurrawasurf.com.au,Large,General community in Australia,1986,24 July 2019,30 September 2020,31-3月,QLD," $2,988,984.00",279209,2155920,0,0,553855," $3,050,842.00",0,0,460537,453273,2137032
Busselton Surf Life Saving Club,84771730359,Po Box 1897,Busselton,6280,admin@busseltonsurf.com,admin@busseltonsurf.com,Small,"Children - aged 6 to under 15,Families,People in rural/regional/remote communities,Youth - 15 to under 25,General community in Australia",2007,22 December 2019,31 December 2020,30-6月,WA," $129,750.00",15000,0,89696,0,25054," $92,338.00",0,0,0,700,91638
Austinmer Surf Lifesaving Club Incorporated,57984732704,125 Lawrence Hargrave Dr,Austinmer,2515,admin@austinmersurfclub.com.au,admin@austinmersurfclub.com.au,Medium,"Aboriginal and Torres Strait Islander people,Adults - aged 25 to under 65,Adults - aged 65 and over,Children - aged 6 to under 15,Families,Females,Financially disadvantaged people,Gay, lesbian, bisexual, transgender or intersex persons,Males,Migrants, refugees or asylum seekers,People in rural/regional/remote communities,Youth - 15 to under 25,General community in Australia",1991,30 September 2019,30 September 2020,31-3月,NSW," $413,409.00",374971,0,38391,47,0," $449,892.00",0,0,0,0,449892
Albany Surf Life Saving Club,57657202934,13 Viscount Heights,Albany,6330,life@albanysurfclub.com.au,life@albanysurfclub.com.au,Small,General community in Australia,,21 September 2017,30 September 2019,31-3月,WA," $242,187.00",17000,14747,0,0,210440," $199,219.00",0,0,0,0,199219
Floreat Surf Lifesaving Club Inc,65092996799,3 West Coast Hwy,City Beach,6015,admin@floreatslsc.com,admin@floreatslsc.com,Medium,General community in Australia,1975,14 August 2019,31 October 2020,30-4月,WA," $260,952.00",29370,28026,198216,5340,0," $254,428.00",0,0,0,47646,206782
Maroochydore Surf Lifesaving Club Inc,11229540191,,,,lifesaving@maroochysurfclub.com.au,lifesaving@maroochysurfclub.com.au,Large,General community in Australia,1915,24 September 2019,31 October 2020,30-4月,QLD," $1,328,526.00",40382,476190,811954,0,0," $1,532,976.00",0,0,59961,357730,1115285
Cairns Surf Life Saving Club,73096592269,135 Williams Esp,Palm Cove,4879,surf.admin@cairnssurfclub.com.au,surf.admin@cairnssurfclub.com.au,Medium,"Families,General community in Australia",,26 March 2020,30 June 2021,31-12月,QLD," $324,170.00",38769,11546,273554,301,0," $302,057.00",0,0,0,48308,253749
Canberra Surf And Lake Club,95252260215,38 Kitchener St,Hughes,2605,gav.hunt74@gmail.com,gav.hunt74@gmail.com,Small,General community in Australia,2000,8 April 2020,31 December 2020,30-6月,ACT," $2,000.00",0,2000,0,0,0," $1,677.00",0,0,0,0,1677
Coledale Surf Life Saving Club,99892725133,677 Lawrence Hargrave Dr,Coledale,2515,darren@bizeebiz.com,darren@bizeebiz.com,Medium,General community in Australia,1924,19 January 2020,31 December 2020,30-6月,NSW," $351,927.00",0,5123,301933,6344,38527," $255,193.00",2795,0,0,0,252398
Ayr Surf Life Saving Club Inc,32462966053,11-13 Sandowns St,Alva,4807,ayrslsc@gmail.com,ayrslsc@gmail.com,Small,"Aboriginal and Torres Strait Islander people,Adults - aged 25 to under 65,Adults - aged 65 and over,Children - aged 6 to under 15,Families,Gay, lesbian, bisexual, transgender or intersex persons,People in rural/regional/remote communities,Youth - 15 to under 25,General community in Australia",,5 November 2018,31 October 2020,30-4月,QLD," $152,196.00",32181,100,30262,4516,85137," $175,586.00",10830,0,0,23017,141739
Apollo Bay Surf Life Saving Club Inc.,61579241354,50 Great Ocean Rd,Apollo Bay,3233,info@apollobayslsc.com.au,finance@apollobayslsc.com.au,Small,General community in Australia,1951,4 May 2020,31 October 2021,30-4月,VIC," $138,375.00",17000,22705,95995,2675,0," $129,879.00",17000,0,0,0,112879
Aldinga Bay Surf Lifesaving Club Inc.,62263545980,Norman Road,Aldinga Beach,5173,abslsc.treasurer@gmail.com,abslsc.treasurer@gmail.com,Medium,General community in Australia,1978,22 December 2018,31 October 2020,30-4月,SA," $258,796.00",31962,2553,138701,2024,83556," $234,383.00",0,0,0,58043,176340
Brighton Surf Lifesaving Club Inc,28628975864,147 The Esplande,Brighton,5048,ccj2@apicdata.com,ccj2@apicdata.com,Medium,General community in Australia,1951,21 September 2017,31 October 2019,30-4月,SA," $557,841.00",7805,38145,0,0,511891," $431,645.00",0,0,0,0,431645
Gunnamatta Surf Life Saving Club,43964186861,Gunnamatta Life Saving Club,Fingal,3939,info@gunnamattaslsc.com.au,info@gunnamattaslsc.com.au,Medium,General community in Australia,1965,10 August 2019,31 October 2020,30-4月,VIC," $381,799.00",306363,34340,40072,1024,0," $374,253.00",0,0,0,0,374253
Brunswick Surf Life Saving Club,95760856051,,,,admin@brunswickslsc.org,admin@brunswickslsc.org,Medium,General community in Australia,1949,28 September 2019,31 December 2020,30-6月,NSW," $530,601.00",29002,395116,91404,15079,0," $285,623.00",0,1061,0,0,284562
NARRABEEN BEACH SURF LIFESAVING CLUB INC,98899009259,Lions Park Ocean St,Narrabeen,2101,admin@narrabeach.org.au,admin@narrabeach.org.au,Small,General community in Australia,1969,25 July 2017,31 October 2019,30-4月,NSW," $168,354.00",20000,1929,0,0,146425," $212,125.00",20000,0,0,13000,179125
Batemans Bay Surf Life Saving Club Inc,55189205693,560 George Bass Dr,Surf Beach,2536,bbslsc.secretary@gmail.com,bbslsc.secretary@gmail.com,Small,General community in Australia,1992,18 September 2019,31 December 2020,30-6月,NSW," $46,522.00",16671,11028,13449,143,5231," $26,198.00",0,0,0,0,26198
Sorrento Surf Life Saving Club Inc.,21543847781,Po Box 395,Sorrento,3943,lifesaving@sorrentoslsc.com,lifesaving@sorrentoslsc.com,Small,General community in Australia,1998,29 August 2019,31 October 2020,30-4月,VIC," $120,763.00",0,32933,87418,412,0," $105,615.00",0,0,0,0,105615
Alexandra Headland Surf Life Saving Club Inc,67688394718,167 Alexandra Parade,Alexandra Headland,4572,admin@alexsurfclub.com.au,admin@alexsurfclub.com.au,Large,"Aboriginal and Torres Strait Islander people,Adults - aged 25 to under 65,Adults - aged 65 and over,Children - aged 6 to under 15,Families,Females,Financially disadvantaged people,Gay, lesbian, bisexual, transgender or intersex persons,Males,Migrants, refugees or asylum seekers,Overseas communities or charities,People from a culturally and linguistically diverse background,People in rural/regional/remote communities,People with disabilities,Youth - 15 to under 25,Other charities,General community in Australia",1984,21 November 2018,30 September 2019,31-3月,QLD," $1,985,337.00",87227,1110557,545693,88621,153239," $2,306,687.00",2270,0,293204,551398,1459815
Avalon Beach Surf Life Saving Club Inc,81096313417,558a Barrenjoey Rd,Avalon Beach,2107,avalonbeachslsc@gmail.com,avalonbeachslsc@gmail.com,Medium,General community in Australia,1990,13 November 2019,31 December 2020,30-6月,NSW," $477,870.00",24752,5468,427024,0,20626," $501,119.00",0,0,0,42858,458261
Wye River Surf Lifesaving Club,25294896448,Foreshore Great Ocean Road,Wye River,3234,wyeriverslsctreasurer@gmail.com,wyeriverslsctreasurer@gmail.com,Small,"Adults - aged 25 to under 65,Adults - aged 65 and over,Children - aged 6 to under 15,Early childhood - aged under 6,Families,Youth - 15 to under 25",,17 September 2019,31 August 2020,30-11月,VIC," $156,639.00",0,0,156639,0,0," $94,479.00",0,0,0,0,94479
Torquay Surf Lifesaving Club Inc.,95834027136,1 Surf Beach Drive,Torquay,3228,info@torquayslsc.com.au,info@torquayslsc.com.au,Medium,General community in Australia,1944,29 August 2019,31 October 2020,30-4月,VIC," $543,718.00",41944,24991,366058,1925,108800," $495,129.00",0,0,0,75426,419703
Surfers Paradise Surf Life Saving Club Inc,83390315675,Cnr Hanlon Street And The Esplanade,Surfers Paradise,4217,admin@surfersparadiseslsc.com.au,admin@surfersparadiseslsc.com.au,Medium,General community in Australia,1924,5 November 2019,31 October 2020,30-4月,QLD," $899,407.00",106308,316185,222166,0,254748," $1,079,346.00",0,0,0,117861,961485
Queenscliff Surf Life Saving Club,43405483291,North Steyne And Collingwood Street,Manly,2095,admin@queenscliffslsc.org.au,treasurer@queenscliffslsc.org.au,Medium,"Children - aged 6 to under 15,General community in Australia",1923,25 November 2019,30 November 2020,31-5月,NSW," $380,397.00",0,86371,285495,6141,2390," $456,054.00",1875,0,0,40934,413245
Corrimal Surf Life Saving Club Inc,46968514791,1 Lake Parade,East Corrimal,2518,secretary@corrimalsurfclub.com.au,secretary@corrimalsurfclub.com.au,Small,Families,1910,30 January 2020,7 April 2019,30-6月,NSW," $3,110.00",0,3110,0,0,0," $12,300.00",0,0,0,0,12300
Marcoola Surf Lifesaving Club Inc,12214510181,64-76 Marcoola Esp,Marcoola,4564,administrator@marcoolaslsc.com.au,administrator@marcoolaslsc.com.au,Medium,"Aboriginal and Torres Strait Islander people,Adults - aged 25 to under 65,Adults - aged 65 and over,Children - aged 6 to under 15,Families,Females,Financially disadvantaged people,Gay, lesbian, bisexual, transgender or intersex persons,Males,Migrants, refugees or asylum seekers,People from a culturally and linguistically diverse background,People with disabilities,Unemployed persons,Youth - 15 to under 25,General community in Australia",1987,29 June 2019,31 October 2020,30-4月,QLD," $583,868.00",42636,346828,194404,0,0," $367,649.00",0,0,0,103339,264310
Dee Why Surf Lifesaving Club Incorporated,39393896380,27 The Strand,Dee Why,2099,secretary@dyslsc.org.au,treasurer@dyslsc.org.au,Medium,General community in Australia,1912,14 February 2020,31 October 2020,30-4月,NSW," $346,695.00",16595,56714,268973,4413,0," $333,583.00",0,0,0,14566,319017
Tallebudgera Surf Lifesaving Club Inc,45175889400,1505 Gold Coast Hwy,Palm Beach,4221,admin@tallesurfclub.net.au,admin@tallesurfclub.net.au,Large,General community in Australia,1946,17 July 2019,31 October 2020,30-4月,QLD," $1,287,158.00",22181,878428,217469,829,168251," $737,946.00",0,0,0,51848,686098
Redhead Surf Life Saving Club,25386231109,Redhead Surf Life Saving Club Beach Road,Redhead,2290,public.officer@redheadslsc.com.au,public.officer@redheadslsc.com.au,Medium,General community in Australia,1906,11 September 2019,31 October 2020,30-4月,NSW," $584,144.00",29826,14982,530028,9308,0," $501,897.00",0,0,0,0,501897
Ellis Beach Surf Life Saving Club Inc,52049850407,Po Box 114,Clifton Beach,4879,admin@ellisbeachslsc.com,admin@ellisbeachslsc.com,Small,"Families,General community in Australia",1985,26 June 2019,31 August 2020,31-12月,QLD," $115,527.00",59948,21073,1131,0,33375," $77,385.00",0,0,0,0,77385
Eimeo Surf Life Saving Club Inc.,29825839883,6 Eimeo Espl,Eimeo,4740,eimeoslsclub@bigpond.com,eimeoslsclub@bigpond.com,Small,General community in Australia,2000,15 October 2019,31 October 2020,30-4月,QLD," $207,997.00",53344,14478,138732,1443,0," $175,478.00",9349,0,0,40908,125221
Merewether Surf Lifesaving Club Inc,70957910935,1 John Pde,Merewether,2291,secretary@merewetherslsc.com.au,secretary@merewetherslsc.com.au,Small,"Aboriginal and Torres Strait Islander people,Adults - aged 25 to under 65,Adults - aged 65 and over,Children - aged 6 to under 15,Families,Females,Gay, lesbian, bisexual, transgender or intersex persons,Males,People from a culturally and linguistically diverse background,People in rural/regional/remote communities,People with disabilities,Youth - 15 to under 25,General community in Australia",1906,2 March 2020,31 December 2020,30-6月,NSW," $151,548.00",24525,17355,96369,5281,8018," $118,172.00",0,0,0,0,118172
Dixon Park Surf Life Saving Club Inc,36248962500,20 Ocean St,Merewether,2291,administration@dixonparkslsc.com.au,administration@dixonparkslsc.com.au,Medium,"Children - aged 6 to under 15,General community in Australia",1931,28 January 2020,31 December 2020,30-6月,NSW," $783,166.00",471724,17354,288105,3585,2398," $279,015.00",0,0,0,45199,233816
Dalyellup Beach Surf Life Saving Club Incorporated,86433003132,,,,dbslsc04@gmail.com,alan@eastmans.com.au,Medium,"Children - aged 6 to under 15,General community in Australia",,12 November 2019,31 December 2020,30-6月,WA," $329,273.00",305000,7665,16177,431,0," $57,909.00",0,0,0,0,57909
Emu Park Surf Lifesaving Club Inc,44635480382,3 Keppel St,Emu Park,4710,secretary@emuparkslsc.com.au,secretary@emuparkslsc.com.au,Small,General community in Australia,1955,4 September 2019,31 October 2020,30-4月,QLD," $191,983.00",54549,66263,52324,0,18847," $143,402.00",0,0,0,0,143402
Coolangatta Surf Life Saving Club Inc,36837670575,Marine Parade,Coolangatta,4225,office@coolangattaslsc.com.au,treasurer@coolangattaslsc.com.au,Large,General community in Australia,1958,16 July 2019,31 October 2020,30-4月,QLD," $1,121,393.00",54733,114530,951185,0,945," $851,857.00",0,0,124479,69286,658092
Coogee Surf Life Saving Club Inc.,65015261451,Cnr Beach And Carr Street,Coogee,2034,admin@coogeeslsc.com.au,admin@coogeeslsc.com.au,Large,"Adults - aged 25 to under 65,Adults - aged 65 and over,Children - aged 6 to under 15,Youth - 15 to under 25",1906,10 December 2019,30 November 2020,31-5月,NSW," $1,206,990.00",72122,164296,707260,20535,242777," $1,189,313.00",0,0,0,182433,1006880
Coochiemudlo Island Surf Life Saving Club Inc.,63414907925,1 Williams St,Coochiemudlo Island,4184,coochieslsc@bigpond.com,coochieslsc@bigpond.com,Small,General community in Australia,,14 November 2018,31 October 2020,30-4月,QLD," $113,658.00",64545,25343,0,873,22897," $80,703.00",0,0,0,0,80703
Denmark Surf Life Saving Club Inc,75039691404,891a Ocean Beach Rd,Ocean Beach,6333,info@denmarksurf.com.au,dslsctreasurer@gmail.com,Small,General community in Australia,1957,18 June 2020,31 October 2021,30-4月,WA," $162,922.00",12500,11176,131679,2408,5159," $145,180.00",0,0,0,0,145180
Clovelly Surf Life Saving Clubs Inc,42749604891,Po Box 2094,Clovelly West,2031,admin@clovellysurfclub.com.au,admin@clovellysurfclub.com.au,Medium,"Adults - aged 25 to under 65,Adults - aged 65 and over,Children - aged 6 to under 15,Youth - 15 to under 25,General community in Australia",,25 October 2019,31 October 2020,30-4月,NSW," $354,800.00",30000,95053,223300,6447,0," $458,858.00",0,0,0,0,458858
Crowdy Head Surf Life Saving Club Inc,27911047117,557 Crowdy Head Rd,Crowdy Head,2427,finance@crowdyheadslsc.org.au,finance@crowdyheadslsc.org.au,Small,General community in Australia,1955,30 July 2019,31 October 2020,30-4月,NSW," $85,601.00",6750,29070,28761,708,20312," $54,886.00",0,0,0,0,54886
Cottesloe Surf Life Saving Club Inc,93729549261,87 Marine Parade,Cottesloe,6019,admin@cottsurf.com,admin@cottsurf.com,Medium,"Adults - aged 25 to under 65,Adults - aged 65 and over,Children - aged 6 to under 15,Families,Youth - 15 to under 25,General community in Australia",1908,30 July 2019,31 October 2020,30-4月,WA," $637,349.00",20000,12886,586211,18252,0," $591,046.00",0,0,0,94600,496446
Christies Beach Surf Life Saving Club Incorporated,27983789248,The Esplanade,Christies Beach,5165,president.cbslsc@gmail.com,president.cbslsc@gmail.com,Small,"Children - aged 6 to under 15,Youth - 15 to under 25,Adults - aged 25 to under 65,Migrants, refugees or asylum seekers,Aboriginal and Torres Strait Islander people,People from a culturally and linguistically diverse background,Unemployed persons,Financially disadvantaged people,Gay, lesbian, bisexual, transgender or intersex persons,Adults - aged 65 and over,Early childhood - aged under 6,Victims of disaster,General community in Australia,Families",1953,23 September 2018,31 October 2019,30-4月,SA," $145,368.00",14203,36497,94563,105,0," $148,681.00",0,0,0,0,148681
Chelsea Longbeach Surf Life Saving Club Inc.,87727017881,Po Box 73,Chelsea,3196,clslsc.treasurer@gmail.com,clslsc.treasurer@gmail.com,Small,General community in Australia,1916,17 January 2020,31 October 2020,30-4月,VIC," $130,903.00",35500,0,94168,1235,0," $115,604.00",0,0,0,0,115604
Esperance Goldfields Surf Life Saving Club Inc,29152695474,Twilight Beach Rd Twilight Beach,Esperance,6450,egslsc@gmail.com,egslsc@gmail.com,Small,General community in Australia,1991,10 April 2018,31 October 2019,30-4月,WA," $85,763.00",0,0,0,0,85763," $65,759.00",23874,0,0,0,41885
North Kirra Surf Life Saving Club Incorporated,33082071619,,,,surfclub@northkirra.com.au,surfclub@northkirra.com.au,Medium,"Children - aged 6 to under 15,Families,Youth - 15 to under 25,General community in Australia",1948,8 July 2019,31 October 2020,30-4月,QLD," $464,393.00",65380,2591,328072,2481,65869," $212,108.00",0,0,0,0,212108
North Entrance Surf Life Saving Club,47575008738,North Entrance S.l.s.c,The Entrance North,2261,Admin@northentranceslsc.com.au,admin@northentranceslsc.com.au,Medium,"Females,Males,General community in Australia",1977,8 December 2019,30 September 2020,31-3月,NSW," $258,514.00",40880,19231,164090,978,33335," $202,808.00",0,0,0,14686,188122
North Cottesloe Surf Life Saving Club (Inc),86242133144,151 Marine Pde,Cottesloe,6011,manager@ncslsc.com,manager@ncslsc.com,Large,General community in Australia,1917,29 October 2019,31 December 2020,30-6月,WA," $1,355,973.00",15000,94048,0,0,1246925," $1,446,769.00",0,0,0,418028,1028741
City Of Perth Surf Life Saving Club Inc,77020797331,Perth Lifesaving Club,City Beach,6015,citymanager@citysurf.asn.au,citymanager@citysurf.asn.au,Medium,General community in Australia,1924,22 October 2019,31 October 2020,30-4月,WA," $824,225.00",118303,52756,426551,1061,225554," $748,755.00",0,0,0,153339,595416
Fingal Rovers Surf Life Saving Club Inc.,76032049295,Po Box 25,Fingal Head,2487,admin@fingalroversslsc.com.au,treasurer@fingalroversslsc.com.au,Small,General community in Australia,1932,10 October 2019,31 December 2020,30-6月,NSW," $241,848.00",10373,220934,9946,595,0," $99,052.00",0,0,0,0,99052
Nobbys Surf Life Saving Club Inc,70118833592,Po Box 1010,Newcastle,2300,nobbysslsc1923@gmail.com,nobbysslsc1923@gmail.com,Small,"Families,Females,Males,People with disabilities,General community in Australia",1922,11 October 2019,31 October 2020,30-4月,NSW," $241,920.00",108770,52817,68948,0,11385," $121,994.00",0,0,0,0,121994
Nambucca Heads Surf Life Saving Club Incorporated,72163036106,Po Box 121,Nambucca Heads,2448,emjk1979@gmail.com,Karen.Campling@hlv.com.au,Small,General community in Australia,1929,6 February 2020,31 October 2020,30-4月,NSW," $61,228.00",0,40833,3250,2417,14728," $35,979.00",0,0,0,0,35979
Newport Surf Life Saving Club Inc,56603611439,394 Barrenjoey Road,Newport,2106,admin@newportsurfclub.com.au,admin@newportsurfclub.com.au,Medium,General community in Australia,1910,29 January 2020,31 October 2020,30-4月,NSW," $855,298.00",5000,469850,379741,0,707," $833,157.00",0,0,0,63990,769167
North Bondi Surf Lifesavings Club Inc,77272419031,266 Campbell Pde,Bondi Beach,2026,office@northbondisurfclub.com,office@northbondisurfclub.com,Large,General community in Australia,1905,20 February 2020,31 October 2020,30-4月,NSW," $1,727,708.00",27000,75000,0,0,1625708," $1,672,448.00",0,0,0,283399,1389049
Mindil Beach Surf Life Saving Club,83578543378,Maria Liveris Drive,The Gardens,820,admin@mindilbeachslsc.org.au,admin@mindilbeachslsc.org.au,Small,General community in Australia,1997,13 July 2018,30 June 2019,31-12月,NT," $75,993.00",10500,47762,8901,0,8830," $52,197.00",0,0,0,0,52197
Moana Surf Life Saving Club Inc,19316049350,The Esplanade,Moana,5169,secretary@moanaslsc.com.au,treasurer@moanaslsc.com.au,Medium,General community in Australia,,31 January 2020,31 December 2020,30-6月,SA," $273,453.00",19370,4522,130768,873,117920," $185,216.00",0,0,0,8571,176645
Mona Vale Surf Lifesaving Club Inc,55385251630,"Surfview Rd,",Mona Vale,2103,sandra.a@ozemail.com.au,admin@monavaleslsc.org.au,Medium,"Females,Males,General community in Australia",1921,12 February 2020,31 October 2021,30-4月,NSW," $465,177.00",20178,8810,127878,9559,298752," $339,924.00",0,0,0,5635,334289
Mudjimba Surf Life Saving Club Inc,88104132551,20 Mudjimba Esp,Mudjimba,4564,secretary@mudjimbasurf.com.au,treasurer@mudjimbasurf.com.au,Small,"Adults - aged 25 to under 65,Adults - aged 65 and over,Children - aged 6 to under 15,Early childhood - aged under 6,Families,Females,Males,Overseas communities or charities,People in rural/regional/remote communities,Youth - 15 to under 25,General community in Australia",1996,8 December 2019,31 October 2020,30-4月,QLD," $239,071.00",91561,16156,110462,2892,18000," $227,378.00",0,0,0,13078,214300
Kirra Surf Life Saving Club_ACNC GROUP,,,,,,,Small,General community in Australia,,17 July 2019,30 September 2020,31-3月,QLD," $278,761.00",28091,130429,0,0,120241," $249,492.00",0,0,0,27412,222080
Mackay Surf Life Saving Club Inc,90501274674,"Lot 69, East Point Drive",Outer Harbour Mackay,4740,admin@mackayslsc.com.au,admin@mackayslsc.com.au,Small,"Families,Other charities,General community in Australia",2000,13 August 2019,31 October 2020,30-4月,QLD," $109,704.00",51947,28496,26968,46,2247," $178,301.00",0,0,0,18004,160297
Moore Park Surf Life Saving Club Inc,51361537150,1 Surf Club Dr,Moore Park Beach,4670,mooreparkslsc@bigpond.com,mooreparkslsc@bigpond.com,Small,General community in Australia,1986,3 July 2019,31 October 2020,30-4月,QLD," $78,508.00",49321,16158,1750,713,10566," $52,879.00",0,0,0,0,52879
Kennett River Surf Life Saving Club Inc,74923037990,2 Great Ocean Rd,Kennett River,3234,jason_menz@tac.vic.gov.au,jason_menz@tac.vic.gov.au,Small,"Adults - aged 25 to under 65,Children - aged 6 to under 15,Families,Females,Males,People in rural/regional/remote communities,Youth - 15 to under 25,General community in Australia",,24 September 2019,31 December 2020,30-6月,VIC," $48,387.00",28900,1427,8595,68,9397," $48,294.00",0,0,0,0,48294
Metropolitan Caloundra Surf Life Saving Club Incorporated,99632467963,1 Spender Lane,Kings Beach,4551,admin@caloundrasurfclub.com.au,admin@caloundrasurfclub.com.au,Medium,General community in Australia,1984,30 July 2019,31 October 2020,30-4月,QLD," $310,000.00",40000,105000,0,5000,160000," $291,000.00",0,0,0,17000,274000
Jan Juc Surf Life Saving Club Inc,21849701767,Po Box 179,Torquay,3228,info@janjucsurfclub.com.au,info@janjucsurfclub.com.au,Large,General community in Australia,1983,9 September 2019,31 October 2020,30-4月,VIC," $1,435,281.00",950000,53506,364340,18282,49153," $412,519.00",0,0,0,62263,350256
Glenelg Surf Life Saving Club Inc,62134722716,Foreshore,Glenelg,5045,secretary@glenelgslsc.com.au,secretary@glenelgslsc.com.au,Large,"Families,Migrants, refugees or asylum seekers,General community in Australia",1929,23 June 2020,31 October 2019,30-4月,SA," $1,631,654.00",55593,0,1365239,0,210822," $945,400.00",0,0,0,659272,286128
Kingston Beach Surf Life Saving Club Incorporated,88284300673,25a Osborne Esp,Kingston Beach,7050,kingstonbeachslsc@gmail.com,kingstonbeachslsc@gmail.com,Small,"Families,People from a culturally and linguistically diverse background,People with disabilities,General community in Australia",2009,31 October 2019,31 October 2020,30-4月,TAS," $85,106.00",9930,5957,46237,1693,21289," $80,270.00",0,0,0,0,80270
Kiama Surf Life Saving Club Inc,77671377278,,,,treasurer@kiamaslsc.com.au,treasurer@kiamaslsc.com.au,Small,General community in Australia,1907,31 January 2020,31 December 2020,30-6月,NSW," $145,972.00",0,57998,62462,737,24775," $129,455.00",0,0,0,0,129455
Forrest Beach Surf Lifesaving Club Inc,32547908820,Palm Street,Allingham,4850,fbslsc1@bigpond.com,fbslsc1@bigpond.com,Small,"Adults - aged 25 to under 65,Children - aged 6 to under 15,Females,Males,Youth - 15 to under 25,General community in Australia",1984,30 October 2019,31 October 2020,30-4月,QLD," $55,782.00",25399,751,0,0,29632," $67,648.00",0,0,0,0,67648
Gove Peninsula Surf Life Saving Club Incorporated,73148533994,Po Box 81,Nhulunbuy,881,govesurfclub@gmail.com,govesurfclubcontactus@gmail.com,Small,"Adults - aged 25 to under 65,Children - aged 6 to under 15,People in rural/regional/remote communities,Youth - 15 to under 25,General community in Australia",,12 August 2019,31 August 2020,31-12月,NT," $198,861.00",17071,20175,152887,378,8350," $188,561.00",24112,0,0,0,164449
Fingal Beach Surf Life Saving Club incorporated,80879052334,3 Marine Dr,Fingal Bay,2315,secretary@fingalbeachslsc.com,secretary@fingalbeachslsc.com,Small,"Adults - aged 25 to under 65,Adults - aged 65 and over,Children - aged 6 to under 15,Families,People in rural/regional/remote communities,People with disabilities,Youth - 15 to under 25,General community in Australia",1963,30 August 2019,30 September 2020,31-3月,NSW," $183,727.00",5000,31651,18465,4107,124504," $154,073.00",0,0,0,0,154073
Henley Surf Life Saving Club Inc,69573136317,Po Box 9039,Henley Beach South,5022,secretary@henleyslsc.com.au,secretary@henleyslsc.com.au,Large,"Aboriginal and Torres Strait Islander people,Adults - aged 25 to under 65,Adults - aged 65 and over,Children - aged 6 to under 15,Families,Females,Males,People from a culturally and linguistically diverse background,People with disabilities,Youth - 15 to under 25,General community in Australia",1924,17 April 2020,31 January 2020,30-6月,SA," $1,534,000.00",23000,46000,1387000,0,78000," $1,561,000.00",0,0,6000,696000,859000
The Trustee For Anglesea Surf Lifesaving Club Foundation,14944812708,100 Great Ocean Rd,Anglesea,3230,richard@westcarrharvey.com.au,richard@westcarrharvey.com.au,Small,General community in Australia,1992,24 September 2019,31 October 2020,30-4月,VIC," $48,547.00",0,0,0,48547,0," $55,097.00",20000,0,0,0,35097
Tacking Point Surf Lifesaving Club Inc,89023565419,40 Matthew Flinders Dr,Port Macquarie,2444,admin@tpslsc.com.au,admin@tpslsc.com.au,Medium,"Adults - aged 25 to under 65,Adults - aged 65 and over,Children - aged 6 to under 15,Early childhood - aged under 6,Females,Males,Youth - 15 to under 25,General community in Australia",1974,6 January 2020,31 December 2020,30-6月,NSW," $465,004.00",206905,14747,242973,379,0," $288,074.00",1150,0,0,30955,255969
Garie Surf Life Saving Club Incorp,62248693377,Po Box 168,Engadine,2233,admin@garieslsc.com.au,admin@garieslsc.com.au,Small,General community in Australia,1937,18 November 2019,30 November 2020,30-5月,NSW," $31,068.00",0,20239,10829,0,0," $20,239.00",20239,0,0,0,0
Tathra Surf Life Saving Club Inc,83772324079,19 Bayview Drive,Tathra,2550,elliotdf@bigpond.net.au,elliotdf@bigpond.net.au,Small,General community in Australia,1908,14 January 2020,31 December 2020,30-6月,NSW," $160,521.00",500,43831,115477,713,0," $174,080.00",0,0,0,0,174080
Fairhaven Surf Life Saving Club Incorporated,46931223741,Po Box 221,Aireys Inlet,3231,info@fairhavenslsc.org,secretary@fairhavenslsc.org,Medium,"Females,Males,General community in Australia",1957,11 November 2019,31 October 2020,30-4月,VIC," $378,043.00",54262,30704,293077,0,0," $403,557.00",0,0,0,5625,397932
Stockton Surf Life Saving Club Inc.,81952288466,1 Pitt St,Stockton,2295,stocktonsurf@bigpond.com,stocktonsurf@bigpond.com,Small,"Adults - aged 25 to under 65,Adults - aged 65 and over,Children - aged 6 to under 15,Early childhood - aged under 6,Families,Females,Males,Veterans and/or their families,Youth - 15 to under 25,General community in Australia",1907,3 December 2019,30 November 2020,31-5月,NSW," $219,079.00",15410,20274,183395,0,0," $231,251.00",993,0,0,0,230258
The Lakes Surf Life Saving Club Limited,50056615377,266 Budgewoi Road,Budgewoi,2262,admin@thelakesslsc.com.au,admin@thelakesslsc.com.au,Small,"Adults - aged 25 to under 65,Adults - aged 65 and over,Children - aged 6 to under 15,Early childhood - aged under 6,Females,Males,People from a culturally and linguistically diverse background,People in rural/regional/remote communities,Youth - 15 to under 25,General community in Australia",1992,30 April 2020,31 December 2020,30-6月,NSW," $241,673.00",0,34010,56340,102733,48590," $245,635.00",0,0,0,21622,224013
Soldiers Beach Surf Life Saving Club Inc,74674215629,101 Soldiers Point Dr,Norah Head,2263,admin@soldiersbeachsurfclub.com.au,admin@soldiersbeachsurfclub.com.au,Medium,General community in Australia,1957,14 September 2018,31 October 2019,30-4月,NSW," $348,937.00",37295,0,310121,0,1521," $81,796.00",0,0,0,81796,0
Sorrento Surf Life Saving Club (Inc),70623378747,Sorrento Surf Life Saving Club,Sorrento,6020,admin@sorrentoslsc.org.au,admin@sorrentoslsc.org.au,Medium,"Adults - aged 25 to under 65,Adults - aged 65 and over,Children - aged 6 to under 15,Females,Males,Youth - 15 to under 25,General community in Australia",1957,22 November 2019,31 October 2018,30-4月,WA," $345,126.00",35759,4022,301323,0,4022," $561,998.00",0,0,0,139328,422670
Shelly Beach Surf Life Saving Club Incorporated,75682049392,Shelly Beach Surf Club Shelly,Shelly Beach,2261,information@shellybeachsurfclub.com,information@shellybeachsurfclub.com,Medium,General community in Australia,1953,17 December 2019,31 October 2020,30-4月,NSW," $647,129.00",21500,14559,611070,0,0," $597,830.00",0,0,0,159259,438571
Swanbourne Nedlands Surf Life Saving Club Inc,93949145477,282 Marine Pde,Swanbourne,6010,admin@swannysurfclub.org.au,admin@swannysurfclub.org.au,Medium,"Families,Females,Males,General community in Australia",1931,11 June 2020,31 October 2021,30-4月,WA," $356,920.00",59030,11540,117709,5926,162715," $215,340.00",0,0,0,40078,175262
Seaspray Surf Life Saving Club Inc,99744504944,Lot 1a Foreshore Road,Seaspray,3851,daveconway@netspace.net.au,daveconway@netspace.net.au,Medium,,1956,6 September 2019,31 December 2020,30-6月,," $785,426.00",800,9620,683048,350,91608," $787,411.00",0,0,0,0,787411
Scarborough Wombarra Surf Lifesaving Club Inc.,41120412951,Scarborough-wombarra Surf Club Monash St,Wombarra,2515,info@scarboroughwombarraslsc.org,info@scarboroughwombarraslsc.org,Small,General community in Australia,1979,16 January 2020,31 December 2020,30-6月,NSW," $29,312.00",0,3755,10511,183,14863," $31,065.00",328,0,0,0,30737
Sandon Point Surf Life Saving Club Incorporated,82856599137,1 Point St,Bulli,2516,treasurer@sandonpointsurfclub.org.au,treasurer@sandonpointsurfclub.org.au,Small,"Adults - aged 25 to under 65,Children - aged 6 to under 15,Families,Youth - 15 to under 25,General community in Australia",1960,19 October 2019,30 September 2020,31-3月,NSW," $143,851.00",17000,7281,56524,939,62107," $123,184.00",0,0,0,22571,100613
South Port Surf Life Saving Club Inc,51114459582,,,,mail@southportslsc.org.au,mail@southportslsc.org.au,Small,General community in Australia,1957,31 August 2019,31 October 2020,30-4月,SA," $206,469.00",29850,2650,173270,699,0," $2,650.00",2650,0,0,0,0
Windang Surf Life Saving Club Inc.,97839491308,,,,windangsecretary@hotmail.com,windangsecretary@hotmail.com,Small,"Families,Females,Males,People from a culturally and linguistically diverse background,General community in Australia",1955,9 February 2020,31 December 2020,30-6月,NSW," $58,346.00",0,15670,10795,2322,29559," $57,811.00",0,0,0,0,57811
Semaphore Surf Life Saving Club Inc,38803068615,Po Box 55,Port Adelaide Dc,5015,secretary@semaphoreslsc.com.au,secretary@semaphoreslsc.com.au,Medium,General community in Australia,1952,8 November 2018,31 October 2019,30-4月,SA," $966,261.00",577543,25975,362743,0,0," $410,465.00",0,0,0,107728,302737
Collaroy Surf Life Saving Clubincorporated,66023772886,At The Beach Pittwater Road,Collaroy Beach,2097,collaroysecretary@gmail.com,collaroysecretary@gmail.com,Medium,General community in Australia,1910,16 April 2019,31 October 2020,30-4月,NSW," $434,252.00",50595,6060,0,7183,370414," $415,477.00",0,0,0,0,415477
South Narrabeen Surf Life Saving Clubincorporated,90853268642,1200 Pittwater Rd,Narrabeen,2101,finance@snslsc.org.au,finance@snslsc.org.au,Small,General community in Australia,1919,8 March 2020,31 October 2020,30-4月,NSW," $172,291.00",43809,49292,0,0,79190," $169,723.00",0,0,0,7557,162166
Scamander Surf Life Saving Club Inc,70209680163,2 Dune St,Scamander,7215,sallyattard9@gmail.com,sallyattard9@gmail.com,Small,General community in Australia,2005,19 May 2020,31 October 2021,30-4月,"VIC,TAS"," $13,709.00",5000,720,7731,0,258," $13,989.00",5000,0,0,7437,1552
Warilla Barrack Point Surf Life Saving Club Inc,93459108513,7 Osborne Pde,Warilla,2528,info.warillasurf@gmail.com,info.warillasurf@gmail.com,Small,"Adults - aged 25 to under 65,Children - aged 6 to under 15,Youth - 15 to under 25,General community in Australia",1958,11 October 2019,31 October 2020,30-4月,NSW," $195,051.00",37634,43596,35511,2704,75606," $192,999.00",0,0,0,0,192999
South West Rocks Surf Life Saving Club Incorporated,43527538956,1 Livingstone St,South West Rocks,2431,pays@swrslsc.org.au,admin@swrslsc.org.au,Medium,General community in Australia,1990,16 August 2019,31 October 2020,30-4月,NSW," $947,328.00",15500,64047,831780,0,36001," $474,988.00",0,0,0,297605,177383
Minnie Water Wooli Surf Life Saving Club Incorporated,16293381983,Nip Welsh Park Sandon Road,Grafton,2462,treasurer@mwwslsc.org.au,treasurer@mwwslsc.org.au,Small,General community in Australia,,18 October 2017,31 October 2019,30-4月,NSW," $52,291.00",28124,6309,0,0,17858," $65,904.00",0,0,0,0,65904
Macksville Scotts Head Surf Life Saving Club Inc,31637315870,Scotts Head Reserve Sort Street,Scotts Head,2447,chris.bell04@bigpond.com,chris.bell04@bigpond.com.au,Small,"Aboriginal and Torres Strait Islander people,Adults - aged 25 to under 65,Adults - aged 65 and over,Children - aged 6 to under 15,Early childhood - aged under 6,Gay, lesbian, bisexual, transgender or intersex persons,Migrants, refugees or asylum seekers,People from a culturally and linguistically diverse background,People in rural/regional/remote communities,Youth - 15 to under 25,General community in Australia",,8 July 2019,30 November 2020,31-5月,NSW," $182,430.00",30023,18047,0,1504,132856," $161,649.00",0,0,0,0,161649
Torquay Surf Lifesaving Club Trust (Jack Harris Memorial),63314735506,7 Gairloch Ave,Jan Juc,3228,tslsctrust.jackharrismemorial@gmail.com,tslsctrust.jackharrismemorial@gmail.com,Small,General community in Australia,1996,13 November 2019,31 December 2020,30-6月,VIC," $6,687.00",0,0,0,6687,0," $6,279.00",6279,0,0,0,0
Whyalla Surf Life Saving Clubincorporated,61860658309,1b Cudmore Tce,Whyalla,5600,su49344@bigpond.net.au,su49344@bigpond.net.au,Small,"Adults - aged 25 to under 65,Adults - aged 65 and over,Children - aged 6 to under 15,Early childhood - aged under 6,Youth - 15 to under 25,General community in Australia",,10 January 2020,31 December 2020,30-6月,SA," $29,724.00",11000,10000,8069,615,40," $23,031.00",0,0,0,0,23031
Lennox Head/Alstonville Surf Life Saving Club Inc.,31083456700,Pacific Parade,Lennox Head,2478,lennoxsurfclub@bigpond.com,lennoxsurfclub@bigpond.com,Small,General community in Australia,1974,22 February 2020,30 September 2019,31-3月,NSW," $145,015.00",15781,18280,103661,178,7115," $127,819.00",0,0,0,0,127819
Ballina Lighthouse And Lismore Surf Life Saving Club Inc,64923973436,1 Lighthouse Pde,East Ballina,2478,finance@ballinasurfclub.com.au,finance@ballinasurfclub.com.au,Medium,General community in Australia,1932,24 June 2020,31 October 2021,30-4月,NSW," $496,398.00",167067,251006,45447,32726,152," $129,591.00",0,0,0,0,129591
Tea Gardens Hawks Nest Surf Lifesaving Club Inc,58993838971,117 Booner St,Hawks Nest,2324,secretary.tghnslsc@gmail.com,secretary.tghnslsc@gmail.com,Small,"Children - aged 6 to under 15,General community in Australia",1932,29 April 2020,31 December 2020,30-6月,NSW," $114,447.00",28001,38184,15776,4472,28014," $61,492.00",220,0,0,0,61272
THE TRUSTEE FOR SURF LIFE SAVING SOUTH AUSTRALIA CLUB FOUNDATION,69209331324,2 Barcoo Rd,West Beach,5024,qmby@optusnet.com.au,qmby@optusnet.com.au,Medium,General community in Australia,1980,28 January 2020,31 December 2020,30-6月,SA," $450,822.00",0,0,0,450822,0," $98,771.00",0,0,0,0,98771
Yamba Surf Life Saving Club Inc,15327568072,1 Marine Pde,Yamba,2464,secretary@yambaslsc.com.au,secretary@yambaslsc.com.au,Medium,General community in Australia,1907,2 December 2019,31 October 2020,30-4月,NSW," $456,521.00",194557,228155,31650,2159,0," $261,326.00",1000,0,0,29541,230785
North Palm Beach Surf Life Saving Club Inc,59187371628,Governor Phillip Park,Palm Beach,2108,office@northpalmbeach.com.au,office@northpalmbeach.com.au,Small,General community in Australia,1945,25 September 2019,30 September 2020,31-3月,NSW," $186,106.00",5781,26262,137468,0,16595," $168,670.00",0,0,0,0,168670
Woodside Beach Surf Life Saving Club Inc,31866225413,15 Ben Rendell Dr,Woodside Beach,3874,woodsidebeachslsc@outlook.com,woodsidebeachslsc@outlook.com,Small,"Adults - aged 25 to under 65,Adults - aged 65 and over,Children - aged 6 to under 15,Early childhood - aged under 6,Females,Males,Youth - 15 to under 25,General community in Australia",1967,31 January 2020,31 October 2020,30-4月,VIC," $43,264.00",38611,4653,0,0,0," $88,714.00",0,0,0,0,88714
Warrnambool Surf Life Saving Club Inc,37766767683,80 Pertobe Road,Warrnambool,3280,warrnamboolslsc@bigpond.com,warrnamboolslsc@bigpond.com,Medium,"Children - aged 6 to under 15,Youth - 15 to under 25,General community in Australia",,4 August 2019,30 September 2020,31-3月,VIC," $309,080.00",71980,28826,28721,1483,178070," $234,057.00",0,0,0,0,234057
Wamberal Surf Life Saving Club (Inc),41162438813,1 Dover Rd,Wamberal,2260,ADMIN@WAMBERALSURFCLUB.COM,ADMIN@WAMBERALSURFCLUB.COM,Medium,"Children - aged 6 to under 15,Families,Females,Males,General community in Australia",1949,12 May 2020,31 October 2020,30-4月,NSW," $272,538.00",20839,13267,235654,2778,0," $276,852.00",0,0,0,31375,245477
Ulverstone Surf Life Saving Club Inc,88648517643,Beach Rd,Ulverstone,7315,ulverstoneslsc@gmail.com,ulverstoneslsc@gmail.com,Small,General community in Australia,1935,14 June 2018,31 October 2019,30-4月,TAS," $122,864.00",15041,542,18938,0,88343," $129,237.00",0,0,0,8165,121072
Kempsey Crescent Head Surf Life Saving Club Inc Senior,81699434179,367 Reserve Road,Crescent Head,2440,robynfuller51@gmail.com,robynfuller51@gmail.com,Small,"Children - aged 6 to under 15,Youth - 15 to under 25,General community in Australia",2000,2 December 2019,31 December 2020,30-6月,NSW," $173,727.00",5000,14483,137054,3556,13634," $146,799.00",0,0,0,10652,136147
Townsville Picnic Bay Surf Lifesaving Club Inc,65025300369,Po Box 662,Townsville,4810,admin@tpbslsc.com.au,admin@tpbslsc.com.au,Medium,General community in Australia,1986,4 September 2019,31 October 2020,30-4月,QLD," $388,461.00",73624,34279,0,0,280558," $373,739.00",0,0,0,52752,320987
Trigg Island Surf Life Saving Club (Inc),46420647859,360 West Coast Dr,Trigg,6029,tislsc@triggisland.com,tislsc@triggisland.com,Medium,"Adults - aged 25 to under 65,Children - aged 6 to under 15,Families,Youth - 15 to under 25",1952,31 July 2019,31 October 2020,30-4月,WA," $611,443.00",0,13212,226069,0,372162," $578,003.00",0,0,0,68673,509330
Woolgoolga Surf Life Saving Club Inc.,11434864088,Po Box 266,Woolgoolga,2456,mick@woolgoolgaslsc.com,Mick@Woolgoolgaslsc.com,Large,General community in Australia,1931,21 February 2020,31 October 2020,30-4月,NSW," $1,697,099.00",1555908,74733,0,7217,59241," $113,079.00",0,0,0,0,113079
Burleigh Heads Mowbray Park Slsc Inc,30933975671,53 Goodwin Tce,Burleigh Heads,4220,admin@burleighslsc.com.au,admin@burleighslsc.com.au,Large,"Females,Males,General community in Australia",1922,20 August 2019,31 October 2020,30-4月,QLD," $1,541,475.00",43951,1076905,126744,290053,3822," $1,003,588.00",0,0,0,42879,960709
Narrabeen Beach Surflifesaving Club Inc,90827832504,Lions Park Ocean Street,Narrabeen,2101,finance@narrabeach.org.au,admin@narrabeach.org.au,Small,"Families,General community in Australia",1969,14 November 2019,31 October 2020,30-4月,NSW," $129,620.00",41222,115,62588,0,25695," $200,460.00",0,0,0,11000,189460
Terrigal Surf Life Saving Clubincorporated,87253066398,81 Terrigal Esp,Terrigal,2260,office@terrigalsurfclub.com.au,office@terrigalsurfclub.com.au,Medium,General community in Australia,1924,12 June 2020,31 October 2020,30-4月,NSW," $313,060.00",9325,23059,280676,0,0," $330,964.00",0,0,0,82237,248727
Venus Bay Surf Life Saving Club Inc,27956542350,Po Box 346,Bentleigh,3204,secretary@vbslsc.org.au,secretary@vbslsc.org.au,Small,General community in Australia,1960,4 September 2019,31 October 2020,30-4月,VIC," $159,517.00",18705,35431,50124,2872,52385," $141,049.00",0,0,0,0,141049
Waratah Beach Surf Life Saving Club Inc.,16531142806,130 Beach Pde,Sandy Point,3959,info@waratahbeach.com.au,treasurer@waratahbeach.com.au,Small,General community in Australia,1962,4 August 2019,31 October 2020,30-4月,VIC," $178,876.00",61795,15310,71094,7651,23026," $186,999.00",0,0,0,0,186999
Thirroul Surf Life Saving Club Inc,82153254056,The Esplanade,Thirroul,2515,info@thirroulsurfclub.com.au,president@thirroulsurfclub.com.au,Small,General community in Australia,1907,16 October 2019,31 October 2020,30-4月,NSW," $187,059.00",95775,19250,59788,1066,11180," $107,785.00",0,0,0,0,107785
The Trustee For The Harry Moore Soldiers Beach Surf Lifesaving Club Junior Trust,51199883597,Po Box 90,Toukley,2263,melanie.ogle@gmail.com,melanie.ogle@gmail.com,Small,Children - aged 6 to under 15,2007,31 March 2019,31 August 2020,30-6月,NSW," $3,406.00",0,0,0,1227,2179," $2,765.00",2765,0,0,0,0
Port Fairy Surf Lifesaving Club Inc A1412Z,14565507323,4 Hughes Avenue,Port Fairy,3284,pfslsc@bigpond.com,pfslsc@bigpond.com,Medium,General community in Australia,,12 November 2019,31 December 2020,30-6月,VIC," $259,879.00",94106,28254,123371,2531,11617," $118,862.00",0,0,0,0,118862
Broulee Surfers Surf Lifesaving Clubinc,62456466445,Po Box 5005,Broulee,2537,brosslsc@bigpond.net.au,brosslsc@bigpond.net.au,Small,General community in Australia,1978,5 August 2019,31 October 2020,30-4月,"NSW,ACT"," $196,104.00",14912,53651,0,483,127058," $146,117.00",5500,0,0,0,140617
Whale Beach Property Surf Life Saving Club Incorporated,42042068751,Po Box 354,Avalon Beach,2107,treasurer@whalebeachslsc.com,treasurer@whalebeachslsc.com,Small,General community in Australia,1926,17 February 2020,31 October 2020,30-4月,NSW," $121,744.00",0,0,100855,3834,17055," $116,038.00",39000,0,0,0,77038
Lorne Surf Life Saving Club Inc (Reg. No. A0007451U),38826799374,Po Box 142,Lorne,3220,treasurer@lornesurfclub.com.au,tim.boness@boness.com.au,Large,"Adults - aged 25 to under 65,Adults - aged 65 and over,Children - aged 6 to under 15,Females,Males,Youth - 15 to under 25,General community in Australia",1946,6 August 2019,31 October 2020,30-4月,VIC," $1,185,235.00",0,44629,45922,17526,1077158," $1,171,612.00",12866,0,0,37328,1121418
Mermaid Beach AEME Surf Life Saving Club Inc,86206436082,172 Hedges Ave,Mermaid Beach,4218,accounts@mermaidslsc.org.au,accounts@mermaidslsc.org.au,Medium,"Adults - aged 25 to under 65,Children - aged 6 to under 15,Families,Females,Males,Youth - 15 to under 25,General community in Australia",1945,13 August 2019,31 October 2020,30-4月,QLD," $753,504.00",56193,243370,19751,0,434190," $698,177.00",0,0,0,162929,535248
Catherine Hill Bay Surf Life Saving Club Inc,37352006891,Lot 212 Flowers Drive,Catherine Hill Bay,2259,info@cathoslsc.org.au,finance@cathoslsc.org.au,Small,"Adults - aged 25 to under 65,Children - aged 6 to under 15,Families,Females,Males,People from a culturally and linguistically diverse background,Youth - 15 to under 25,Other charities,General community in Australia",1927,28 November 2019,30 November 2020,31-5月,NSW," $135,909.00",25515,10408,99432,554,0," $127,348.00",0,0,0,2700,124648
Golden Beach Surf Life Saving Club Victoria Incorporated,47839278561,1/19 Surf Edge Drive,Golden Beach,3851,stephen.parratt@yahoo.com,stephen.parratt@yahoo.com,Small,Children - aged 6 to under 15,1998,6 January 2020,31 December 2020,30-6月,VIC," $11,895.00",2722,6000,3173,0,0," $22,989.00",0,0,0,0,22989
Taree Old Bar Surf Life Saving Club Incorporated,50480256421,Old Bar Road,Old Bar,2430,president@tareeoldbarsurfclub.com.au,president@tareeoldbarsurfclub.com.au,Small,General community in Australia,1927,6 September 2019,31 August 2020,30-6月,NSW," $89,248.00",15781,17957,54802,708,0," $64,174.00",0,0,0,0,64174
South Curl Curl Surf Life Saving Club Inc.,88589451919,Carrington Parade,Curl Curl,2096,mail@southcurlcurlslsc.org,mail@southcurlcurlslsc.org,Medium,General community in Australia,1917,24 October 2019,31 October 2020,30-4月,NSW," $305,418.00",9961,6200,203546,4720,80991," $368,412.00",0,0,0,5867,362545
Currumbin Beach Vikings Surf Life Saving Club Inc,66528332039,741 Pacific Pde,Currumbin,4223,administrator@currumbinslsc.com.au,ceo@currumbinslsc.com.au,Large,General community in Australia,1919,15 July 2019,31 October 2020,30-4月,QLD," $1,485,452.00",28477,964475,0,0,492500," $1,282,482.00",0,0,0,472350,810132
Woonona Surf Life Saving Club Inc,12586856905,Kurraba Road,Woonona,2517,woononaslscfinance@gmail.com,woononaslscfinance@gmail.com,Small,General community in Australia,1928,4 December 2019,30 November 2020,31-5月,NSW," $92,289.00",5000,6571,22698,3559,54461," $47,697.00",0,0,0,0,47697
Woolamai Beach Surf Life Saving Club Incorporated,32949554248,288 Woolamai Beach Road,Cape Woolamai,3925,administration@woolamaibeach.asn.au,administration@woolamaibeach.asn.au,Medium,"Families,Victims of disaster,General community in Australia",1958,4 June 2020,31 October 2021,30-4月,VIC," $617,525.00",243309,87252,26106,6359,254499," $310,915.00",0,0,0,22813,288102
Wanda Surf Life Saving Club Incorporated,60850705106,2 Marine Esp,Cronulla,2230,clubhouse@wandaslsc.com.au,clubhouse@wandaslsc.com.au,Large,"Adults - aged 25 to under 65,Adults - aged 65 and over,Children - aged 6 to under 15,Families,Females,Males,Youth - 15 to under 25,General community in Australia",1993,13 September 2019,31 October 2020,30-4月,NSW," $1,211,704.00",0,121898,584750,0,505056," $1,039,246.00",0,0,25899,90935,922412
TWEED HEADS AND COOLANGATTA SURF LIFE SAVING CLUB INCORPORATED,59962048592,Th&c Slsc Corner Marine Parade & Hill Street,Coolangatta,4225,thcslsc@bigpond.net.au,thcslsc@bigpond.net.au,Medium,General community in Australia,,15 July 2019,31 October 2020,30-4月,QLD," $896,343.00",68987,548564,278486,306,0," $553,473.00",0,0,0,122659,430814
Umina Surf Life Saving Club Inc,51540929739,509 Ocean Beach Rd,Umina Beach,2257,admin@uminaslsc.org.au,admin@uminaslsc.org.au,Medium,"Adults - aged 25 to under 65,Children - aged 6 to under 15,Females,Males,Youth - 15 to under 25,General community in Australia",1959,28 November 2019,30 September 2020,31-3月,NSW," $512,631.00",55665,114548,253815,3018,85585," $494,176.00",7000,0,0,72681,414495
Wollongong City Surf Life Saving Club Incorporated,17794015745,1 Marine Dr,Wollongong,2500,wollongongcityslsc@bigpond.com,wollongongcityslsc@bigpond.com,Small,"Females,Males,General community in Australia",1912,9 March 2020,30 November 2020,31-5月,NSW," $140,144.00",0,18900,94316,2526,24402," $157,919.00",0,0,0,0,157919
Warriewood Beach Surf Life Saving Club Inc,95461578195,Narrabeen Park Parade,Warriewood,2102,treasurer@warriewoodslsc.com.au,treasurer@warriewoodslsc.com.au,Small,General community in Australia,1949,29 March 2019,31 October 2020,30-4月,NSW," $121,839.00",9000,30241,33326,0,49272," $226,595.00",0,0,0,0,226595
West Beach Surf Lifesaving Club Incorporated,90162377327,Corner West Beach & Seaview Roads,West Beach,5024,lea@precisebooks.com.au,afddvd@gmail.com,Large,General community in Australia,1935,12 May 2020,30 September 2020,31-3月,SA," $2,293,263.00",0,148141,2138075,7047,0," $2,000,437.00",0,0,0,682786,1317651
Tugun Surf Life Saving Club Inc,23531283216,29 O'connor St,Tugun,4224,surfadmin@tugunslsc.com.au,surfadmin@tugunslsc.com.au,Medium,General community in Australia,1924,11 July 2019,31 October 2020,30-4月,QLD," $396,150.00",55908,30387,15350,17853,276652," $427,397.00",0,0,0,46981,380416
Towradgi Surf Life Saving Club Inc,24522940258,Po Box 4011,Towradgi,2518,president@towradgisurfclub.com.au,president@towradgisurfclub.com.au,Small,General community in Australia,1946,3 October 2019,31 January 2020,30-6月,NSW," $120,126.00",43417,5597,67455,0,3657," $100,296.00",0,0,0,3840,96456
Quinns Mindarie Surf Lifesaving Club Inc,15674140779,Ocean Dr,Quinns Rocks,6030,quinnsmindarie@bigpond.com,quinnsmindarie@bigpond.com,Medium,General community in Australia,1983,15 July 2018,30 September 2019,31-3月,WA," $271,743.00",60000,5311,81035,1451,123946," $222,211.00",0,0,0,25950,196261
Port Elliot Surf Life Saving Club Inc.,44811071674,Po Box 21,Port Elliot,5212,peslsc01@bigpond.net.au,peslsc01@bigpond.net.au,Small,"Adults - aged 25 to under 65,Adults - aged 65 and over,Children - aged 6 to under 15,Females,Males,People from a culturally and linguistically diverse background,People with disabilities,Youth - 15 to under 25,General community in Australia",1963,16 September 2019,31 December 2020,30-6月,SA," $174,482.00",5000,16074,57748,9983,85677," $87,804.00",0,0,0,0,87804
Point Lookout Surf Lifesaving Club Inc,67892838556,Po Box 122,Cleveland,4163,admin@pointlookoutslsc.com.au,admin@pointlookoutslsc.com.au,Medium,General community in Australia,1946,1 November 2018,31 October 2019,30-4月,QLD," $571,090.00",116259,65738,387694,1399,0," $648,418.00",0,0,0,61115,587303
Portland Surf Life Saving Club Inc,21171389185,Po Box 222,Portland,3305,portlandslsc@gmail.com,portlandslsc@gmail.com,Small,General community in Australia,1935,25 September 2019,30 November 2020,31-5月,VIC," $246,336.00",173862,15052,57096,326,0," $188,277.00",0,0,0,0,188277
Robe Surf Life Saving Club Incorporated,58165806600,Po Box 509,Robe,5276,robeslssa@outlook.com,robeslssa@outlook.com,Small,"Children - aged 6 to under 15,Families,General community in Australia",2014,22 August 2019,31 October 2020,30-4月,SA," $19,029.00",10000,1913,6811,0,305," $13,348.00",0,0,0,0,13348
Palm Beach Surf Life Saving Club Inc,38070685763,27-28 Ocean Rd,Palm Beach,2108,office@palmbeachslsc.com,gm@palmbeachslsc.com,Medium,General community in Australia,,17 December 2019,31 October 2020,30-4月,NSW," $516,939.00",33000,153560,33244,0,297135," $501,052.00",0,0,0,116263,384789
Pacific Surf Life Saving Club Inc,24204476192,1291 Gold Coast Hwy,Palm Beach,4221,office@pacificslsc.com,office@pacificslsc.com,Small,"Adults - aged 25 to under 65,Adults - aged 65 and over,Children - aged 6 to under 15,Youth - 15 to under 25,General community in Australia",1946,14 July 2019,31 October 2020,30-4月,QLD," $158,068.00",49830,44430,62761,561,486," $226,475.00",0,0,0,13096,213379
Port Sorell Surf Life Saving Club,41825973960,1 Dumbleton Street,Hawley Beach,7307,portsorellslc@gmail.com,portsorellslc@gmail.com,Small,"Children - aged 6 to under 15,Youth - 15 to under 25,General community in Australia",,10 February 2020,30 September 2020,31-3月,TAS," $125,244.00",45000,2042,60565,0,17637," $70,131.00",0,0,0,0,70131
Port Macquarie Surf Life Saving Club Inc,47032038365,35 Tuppenny Lane,Port Macquarie,2444,treasurer@pmslsc.com.au,treasurer@pmslsc.com.au,Medium,General community in Australia,1927,17 December 2019,30 November 2020,31-5月,NSW," $387,230.00",90639,12832,142259,0,141500," $426,534.00",250,0,0,34747,391537
Nowra Culburra Surf Life Saving Club,99115839023,Po Box 221,Culburra Beach,2540,admin@nowraculburraslsc.asn.au,admin@nowraculburraslsc.asn.au,Small,General community in Australia,1953,25 October 2017,30 November 2019,31-5月,NSW," $96,595.00",9000,23003,15531,0,49061," $83,064.00",0,0,0,0,83064
Ocean Grove Surf Life Saving Club Inc,94392258995,28 Surf Beach Rd,Ocean Grove,3226,admin@oceangroveslsc.asn.au,admin@oceangroveslsc.asn.au,Large,General community in Australia,,2 December 2019,30 November 2020,31-5月,VIC," $5,351,920.00",4970500,73787,303902,1005,2726," $298,254.00",0,0,661,50217,247376
Pambula Beach Surf Life Saving Club Incorporated,83872472712,1 Pambula Beach Rd,Pambula Beach,2549,treasurer@pambulasurf.org.au,treasurer@pambulasurf.org.au,Small,"Adults - aged 25 to under 65,Adults - aged 65 and over,Children - aged 6 to under 15,Early childhood - aged under 6,Females,Males,Youth - 15 to under 25,General community in Australia",1913,27 January 2020,31 December 2020,30-6月,NSW," $187,861.00",61987,71487,46575,1442,6370," $199,859.00",0,0,0,0,199859
Point Leo Surf Life Saving Club Incorporated,83471063765,U 44 113 Country Club Dr,Safety Beach,3936,admin@pointleoslsc.com.au,admin@pointleoslsc.com.au,Medium,General community in Australia,1954,2 September 2019,31 October 2020,30-4月,VIC," $582,247.00",227717,42259,296083,16188,0," $344,869.00",15900,0,0,0,328969
North Steyne Surf Life Saving Club Inc,99734830191,93-95 North Steyne,Manly,2095,admin@northsteyneslsc.com.au,admin@northsteyneslsc.com.au,Medium,General community in Australia,1906,3 March 2020,30 November 2020,31-5月,NSW," $333,154.00",137468,73773,109561,12352,0," $340,442.00",1500,0,0,26146,312796
The Port Campbell Surf Life Saving Club Incorporated,24803275680,Cairns Street,Port Campbell,3269,treasurer@pcslsc.org.au,treasurer@pcslsc.org.au,Medium,"Children - aged 6 to under 15,General community in Australia",1962,18 May 2020,30 September 2021,31-3月,VIC," $257,373.00",21148,49225,60521,188,126291," $230,867.00",39000,0,0,0,191867
Sussex Inlet & District Surf Lifesaving Club Inc,16937816547,Po Box 6039,Sussex Inlet,2540,info@sussexinletslsc.com.au,info@sussexinletslsc.com.au,Small,"Adults - aged 25 to under 65,Adults - aged 65 and over,Children - aged 6 to under 15,Youth - 15 to under 25,General community in Australia",1984,20 November 2018,31 August 2020,30-6月,NSW," $39,211.00",12211,23137,2574,301,988," $42,166.00",0,0,0,0,42166
Southport Surf Life Saving Club Inc.,96957569507,1 Macarthur Pde,Main Beach,4217,admin@sslsc.com.au,admin@sslsc.com.au,Large,General community in Australia,1923,31 October 2018,31 October 2019,30-4月,QLD," $1,178,401.00",22181,124307,1031225,688,0," $1,407,297.00",0,0,2191,178748,1226358
Somerton Surf Life Saving Club Incorporated,85241889464,Corner Esplanade And Repton Road,Somerton Park,5044,treasurer@somertonsurfclub.com.au,treasurer@somertonsurfclub.com.au,Small,"Adults - aged 25 to under 65,Children - aged 6 to under 15,Youth - 15 to under 25,General community in Australia",1959,12 November 2019,31 December 2020,30-6月,SA," $241,751.00",16634,2704,62089,17079,143245," $198,650.00",0,0,0,0,198650
Smiths Beach Surf Lifesaving Club Inc.,69608149198,Po Box 1255,Dunsborough,6281,accounts@sbslsc.com.au,accounts@sbslsc.com.au,Small,"Adults - aged 25 to under 65,Children - aged 6 to under 15,Youth - 15 to under 25,General community in Australia",2011,18 October 2019,31 October 2020,30-4月,WA," $52,885.00",31078,7586,850,38,13333," $33,988.00",0,0,0,0,33988
Tannum Sands Surf Life Saving Club Inc,29420390312,Building 1 The Esplanade,Tannum Sands,4680,secretary@tannumsurf.com.au,secretary@tannumsurf.com.au,Small,General community in Australia,1989,7 September 2019,31 October 2020,30-4月,QLD," $173,969.00",34783,25152,47513,0,66521," $201,680.00",0,0,0,0,201680
Swansea-Belmont Surf Life Saving Club Limited,54087305048,Swansea Belmont Slsc,Blacksmiths,2281,david.pringle@bctrials.org.au,david.pringle@bctrials.org.au,Medium,General community in Australia,1999,23 October 2019,31 December 2020,30-6月,NSW," $548,712.00",0,59268,198203,10394,280847," $362,012.00",4250,0,0,0,357762
Sunshine Beach Surf Life Saving Club Inc,86489039083,Cnr Duke St & Belmore Tce,Sunshine Beach,4567,lifesaving@sunshinebeachslsc.com.au,lifesaving@sunshinebeachslsc.com.au,Large,General community in Australia,1983,21 November 2018,31 October 2019,30-4月,QLD," $1,229,705.00",43449,927117,241322,17817,0," $618,756.00",0,0,0,136627,482129
Secret Harbour Surf Life Saving Club Incorporated,65851571056,,,,admin@secretharbourslsc.com,trish@secretharbourslsc.com,Medium,"Adults - aged 25 to under 65,Children - aged 6 to under 15,Families,People with disabilities,Youth - 15 to under 25",1982,15 October 2019,31 October 2020,30-4月,WA," $545,663.00",21062,23171,247072,2305,252053," $598,661.00",770,0,0,235241,362650
Sawtell Surf Life Saving Club Incorporated,43320356044,22 Fourth Ave,Sawtell,2452,secretary@sawtellsurfclub.com.au,secretary@sawtellsurfclub.com.au,Medium,General community in Australia,1978,2 July 2019,31 October 2020,30-4月,NSW," $396,511.00",23673,228621,127621,8021,8575," $213,224.00",0,0,0,0,213224
Seacliff Surf Life Saving Club Inc,65603038011,Seacliff Life Savings Club,Seacliff,5049,secretary@seacliffslsc.com.au,secretary@seacliffslsc.com.au,Large,"People with disabilities,General community in Australia",,22 August 2019,31 October 2020,30-4月,"QLD,SA"," $1,198,372.00",46966,17895,0,0,1133511," $1,151,854.00",0,0,0,347965,803889
South Maroubra Surf Life Saving Club Inc,20186191094,1 Marine Pde,Maroubra,2035,office@southmaroubrasurfclub.com.au,admin@southmaroubraslsc.com.au,Medium,General community in Australia,1958,24 June 2020,31 October 2017,30-4月,NSW," $559,093.00",69830,116145,323183,23,49912," $635,755.00",128097,0,0,0,507658
Shellharbour Surf Life Saving Club Inc,60579359253,27 Junction Rd,Barrack Point,2528,chris@troutmanai.com.au,chris@troutmanai.com.au,Small,General community in Australia,1935,2 May 2020,31 October 2021,30-4月,NSW," $160,083.00",36747,23716,0,0,99620," $161,708.00",0,0,0,0,161708
Salt Surf Life Saving Club Incorporated,20435851012,1-25 Bells Bvd,Kingscliff,2487,admin@saltsurfclub.com.au,secretary@saltsurfclub.com.au,Large,"Children - aged 6 to under 15,General community in Australia",2004,1 September 2019,31 October 2020,30-4月,NSW," $1,356,832.00",1030466,253600,23298,3635,45833," $189,759.00",0,0,0,0,189759
Port Walcott Surf Life Saving Club Inc.,30683371418,1 Collett Cl,Millars Well,6714,portwalcottsls@gmail.com,portwalcottsls@gmail.com,Small,Children - aged 6 to under 15,2015,12 November 2019,31 October 2020,30-4月,WA," $25,551.00",0,13276,7450,0,4825," $31,072.00",0,0,0,0,31072
Port Noarlunga Surf Life Saving Club Incorporated,66020020713,Witton Centre Saltfleet St,Port Noarlunga,5167,dkappler@bigpond.net.au,dkappler@bigpond.net.au,Medium,General community in Australia,1935,9 September 2019,31 October 2019,30-4月,SA," $293,896.00",11962,1444,279185,795,510," $345,279.00",0,0,0,119288,225991
Scarboro Surf Life Saving Club Inc,91545935250,163 The Esplanade,Scarborough,6019,adminofficer@scarboro.com.au,adminofficer@scarboro.com.au,Medium,General community in Australia,1928,12 August 2019,31 October 2020,30-4月,WA," $469,685.00",60000,28287,0,0,381398," $571,473.00",0,0,0,60000,511473
Port Douglas Surf Life Saving Club Inc,75174041384,Po Box 112,Port Douglas,4877,accounts.pdslsc@bigpond.com,pdslsc@bigpond.com,Small,"Adults - aged 25 to under 65,Adults - aged 65 and over,Children - aged 6 to under 15,Families,Females,Males,Youth - 15 to under 25,General community in Australia",1985,8 April 2019,31 August 2020,31-12月,QLD," $249,278.00",57386,75467,0,0,116425," $146,118.00",0,0,0,16239,129879
Rainbow Bay Surf Life Saving Club Inc,39353295632,2 Snapper Rocks Road,Coolangatta,4225,admin@rainbowbayslsc.com.au,admin@rainbowbayslsc.com,Medium,General community in Australia,1976,19 June 2019,31 October 2020,30-4月,QLD," $407,401.00",40572,91969,227780,0,47080," $398,378.00",0,0,0,76955,321423
Portsea Surf Life Saving Club Inc,69006114727,L 4 Se 1 437 St Kilda Rd,Melbourne,3004,contact@portseasurf.com.au,secretary@portseasurf.com.au,Large,General community in Australia,1948,22 September 2019,31 October 2020,30-4月,VIC," $3,333,853.00",1625000,938663,467224,16336,286630," $652,503.00",0,0,2301,0,650202
Pacific Palms Surf Life Saving Club Incorporated,77297625761,,,,administration@pacificpalmsslsc.org.au,administration@pacificpalmsslsc.org.au,Small,General community in Australia,1986,28 September 2019,31 October 2020,30-4月,NSW," $220,108.00",35380,24833,155214,3511,1170," $251,182.00",0,0,0,54261,196921
Port Kembla Surf Life Saving Club Incorporated,84563239680,U 1a 172 Cowper St,Warrawong,2502,dpretzler@gmail.com,dpretzler@gmail.com,Small,"Children - aged 6 to under 15,General community in Australia",,23 January 2020,31 August 2020,28-2月,NSW," $64,546.00",5000,11711,20727,351,26757," $74,269.00",0,0,0,0,74269
Point Lonsdale Surf Life Saving Club Incorporated,90650713800,54 Ocean Road,Point Lonsdale,3225,secretary@plslsc.com.au,secretary@plslsc.com.au,Large,General community in Australia,1946,24 January 2020,31 October 2020,30-4月,VIC," $1,425,004.00",52327,998372,178437,26287,169581," $512,506.00",0,0,0,100840,411666
Ocean Beach Surf Life Saving Club,27871986250,176 The Esplanade,Umina Beach,2257,office@oceanbeachslsc.com,office@oceanbeachslsc.com,Medium,General community in Australia,1921,29 July 2019,31 December 2020,30-6月,NSW," $330,930.00",20869,21371,55359,0,233331," $317,724.00",0,0,0,31380,286344
North Haven Surf Life Saving Club Inc,26923941238,44 Australia Two Ave,North Haven,5018,administrator@northhavenslsc.com.au,administrator@northhavenslsc.com.au,Small,General community in Australia,1978,27 July 2019,31 October 2020,30-4月,SA," $137,812.00",5000,7294,121991,2359,1168," $177,309.00",0,0,0,49105,128204
Palm Beach Surf Life Saving Club Inc.,81799531933,117 Jefferson Lane,Palm Beach,4221,administrator@palmbeachsurfclub.com.au,administrator@palmbeachsurfclub.com.au,Medium,"Adults - aged 25 to under 65,Children - aged 6 to under 15,Youth - 15 to under 25,General community in Australia",1987,15 July 2019,31 October 2020,30-4月,QLD," $951,504.00",159227,505693,286584,0,0," $844,872.00",0,0,0,87832,757040
North Burleigh Surf Life Saving Club Incorporated,32250692765,293 The Esplanade,Miami,4220,office@northburleighslsc.com.au,office@northburleighslsc.com.au,Medium,"Adults - aged 25 to under 65,Adults - aged 65 and over,Children - aged 6 to under 15,Families,Females,Males,People with disabilities,Youth - 15 to under 25,General community in Australia",,23 October 2019,31 October 2020,30-4月,QLD," $967,295.00",40555,518509,408231,0,0," $869,910.00",0,0,0,211238,658672
North Avoca Surf Life Saving Club Inc,66639566245,48 North Avoca Pde,North Avoca,2260,office@northavocaslsc.com.au,office@northavocaslsc.com.au,Medium,General community in Australia,1955,6 February 2020,31 December 2020,30-6月,NSW," $297,979.00",14642,23753,64861,60243,134480," $267,512.00",0,0,0,18197,249315
North Wollongong Surf Life Saving Club Inc,77519751596,1a Cliff Rd,North Wollongong,2500,tanya.turcato@hotmail.com,tanya.turcato@hotmail.com,Medium,"Adults - aged 25 to under 65,Children - aged 6 to under 15,Youth - 15 to under 25,General community in Australia",1924,1 October 2019,30 September 2020,31-3月,NSW," $268,678.00",20000,37622,168196,5675,37185," $252,203.00",0,0,0,49378,202825
Narooma Surf Life Saving Club Inc.,52035469607,Ballingalla Street,Narooma,2546,naroomasurf@yahoo.com.au,naroomasurf@yahoo.com.au,Small,"Aboriginal and Torres Strait Islander people,Adults - aged 25 to under 65,Children - aged 6 to under 15,General community in Australia",1981,24 February 2020,31 December 2020,30-6月,NSW," $79,400.00",5500,25400,48500,0,0," $104,000.00",0,0,0,0,104000
North Narrabeen Surf Life Saving Club Inc.,84987305207,Po Box 49,Narrabeen,2101,admin@northnarra.org.au,admin@northnarra.org.au,Medium,"Children - aged 6 to under 15,Families",1911,11 February 2020,31 October 2020,30-4月,NSW," $515,119.00",8109,36217,291845,290,178658," $461,134.00",668,0,0,48221,412245
Mullaloo Surf Life Saving Club Inc.,41509966737,11 Oceanside Prom,Mullaloo,6027,info@mullaloosurf.com.au,info@mullaloosurf.com.au,Medium,General community in Australia,,31 August 2019,30 September 2020,31-3月,"VIC,NSW,QLD,WA,SA"," $921,728.00",0,5738,333831,0,582159," $229,844.00",0,0,0,95252,134592
North Curl Curl Surf Life Saving Club,74095397853,Huston Parade,North Curl Curl,2099,finance@nccslsc.com.au,finance@nccslsc.com.au,Medium,General community in Australia,1921,10 January 2020,31 October 2020,30-4月,NSW," $439,333.00",34657,108915,225373,329,70059," $370,029.00",0,0,0,3240,366789
Noosa Heads Surf Life Saving Club Inc,66935523192,69 Hastings St,Noosa Heads,4567,admin@noosasurfclub.com.au,admin@noosasurfclub.com.au,Large,"Adults - aged 25 to under 65,Children - aged 6 to under 15,Families,People from a culturally and linguistically diverse background,People with disabilities,Youth - 15 to under 25,General community in Australia",1927,28 October 2019,31 October 2020,30-4月,QLD," $3,538,044.00",75578,1262540,2194835,4543,548," $2,998,356.00",0,0,0,1132993,1865363
Mollymook Surf Life Saving Club Incorporated,26143432047,1 Golf Ave,Mollymook,2539,admin@mollymooksurf.com.au,admin@mollymooksurf.com.au,Medium,General community in Australia,1933,29 March 2019,31 August 2020,30-6月,NSW," $309,291.00",57000,22732,155011,3102,71446," $336,493.00",0,0,0,0,336493
Mooloolaba Surf Life Saving Club Inc,47784043829,The Esplanade,Mooloolaba,4557,accounts@thesurfclub.com.au,accounts@thesurfclub.com.au,Large,General community in Australia,1923,27 May 2020,31 October 2021,30-4月,QLD," $1,775,584.00",49427,325268,168670,135,1232084," $1,597,501.00",1597,0,42962,257665,1295277
Miami Beach Surf Life Saving Club Inc,94449171880,2 Hythe Street,Miami,4220,mbslsc2@gmail.com,mbslsc2@gmail.com,Small,General community in Australia,1946,4 September 2019,31 October 2020,30-4月,QLD," $239,420.00",37811,2556,9574,0,189479," $247,289.00",0,0,0,36149,211140
Nobby's Beach Surf Life Saving Club Inc,40126679047,Po Box 561,Miami,4220,admin@nobbysbeachslsc.com,admin@nobbysbeachslsc.com,Medium,General community in Australia,1953,13 August 2019,31 October 2020,30-4月,QLD," $432,969.00",79226,222671,0,0,131072," $470,033.00",0,0,0,39945,430088
Maroubra Surf Life Saving Club Incorporated,43649693151,5r Marine Pde,Maroubra,2035,secretary@maroubraslsc.com.au,secretary@maroubraslsc.com.au,Medium,General community in Australia,1905,14 September 2017,31 October 2019,30-4月,NSW," $395,022.00",0,315676,0,0,79346," $350,142.00",0,0,0,0,350142
Moruya Surf Life Saving Club Inc,72996492001,1 Charles Moffitt Dr,Moruya Heads,2537,secretary@moruyasurf.org.au,secretary@moruyasurf.org.au,Small,"Children - aged 6 to under 15,People in rural/regional/remote communities,People with disabilities,General community in Australia",1931,13 December 2019,31 December 2020,30-6月,NSW," $90,383.00",21634,7526,44460,805,15958," $101,593.00",0,0,0,0,101593
Killcare Surf Life Saving Club Inc.,56499340296,81 Beach Road,Killcare,2257,admin@killcaresureclub.com.au,finance@killcaresurfclub.com.au,Small,General community in Australia,1930,18 September 2019,31 October 2020,30-4月,NSW," $150,998.00",18127,58601,71570,2700,0," $188,167.00",0,0,0,21424,166743
Kiama Downs Surf Life Saving Club Incorporated,71918486420,150 North Kiama Dr,Kiama Downs,2533,janhorspool@bigpond.com,janhorspool@bigpond.com,Small,General community in Australia,,21 December 2019,31 December 2020,30-6月,NSW," $114,160.00",23518,41456,0,0,49186," $81,219.00",0,0,0,0,81219
Kirra Surf Life Saving Club Inc.,37906462454,15 Marine Pde,Coolangatta,4225,kirra@kirraslsc.com,kirra@kirraslsc.com,Small,General community in Australia,1915,19 July 2017,,30-4月,QLD," $160,124.00",21640,65308,0,0,73176," $241,737.00",5824,0,0,29562,206351
Mission Beach Surf Life Saving Club Inc,75890357071,154 Kennedy Esp,South Mission Beach,4852,missionbeachslsc@gmail.com,missionbeachslsc@gmail.com,Small,General community in Australia,1985,20 June 2020,30 June 2021,31-12月,QLD," $60,881.00",37067,3760,3043,0,17011," $68,941.00",0,0,0,0,68941
Hervey Bay Surf Life Saving Club Inc.,69758218649,481 Charlton Esplanade,Torquay,4655,Treasurer@herveybaysurfclub.com.au,Treasurer@herveybaysurfclub.com.au,Small,General community in Australia,1986,3 September 2019,30 September 2020,31-3月,QLD," $169,908.00",52463,53878,61670,0,1897," $144,868.00",0,0,0,0,144868
MacMasters Beach Surf Life Saving Club Incorporated,62774260161,Po Box 6337,Kincumber,2251,admin@macmastersbeachslsc.com,admin@macmastersbeachslsc.com,Medium,"Families,General community in Australia",1944,30 August 2019,31 October 2020,30-4月,NSW," $439,056.00",48281,51344,251023,1810,86598," $370,564.00",0,0,0,0,370564
Long Reef Surf Life Saving Club Incorporated,78012537376,Po Box 214,Collaroy Beach,2097,admin@longreef.com,admin@longreef.com,Small,"Adults - aged 25 to under 65,Children - aged 6 to under 15,Youth - 15 to under 25,General community in Australia",,20 February 2020,31 October 2019,30-4月,NSW," $85,482.00",22376,8570,34384,20152,0," $181,141.00",0,0,0,0,181141
Goolwa Surf Life Saving Club Inc,97318447629,Lot 278 Beach Road,Goolwa Beach,5214,information@goolwaslsc.com.au,information@goolwaslsc.com.au,Large,General community in Australia,2012,13 March 2020,31 December 2020,30-6月,SA," $3,694,685.00",2456597,2575,0,0,1235513," $3,654,793.00",0,0,6869,0,3647924
Grange Surf Life Saving Club Inc,67807833911,497 Esplanade,Grange,5022,heather.thompson@maxima.com.au,heather.thompson@maxima.com.au,Medium,General community in Australia,1957,13 August 2019,31 October 2020,30-4月,SA," $274,106.00",15000,7026,0,2737,249343," $271,661.00",0,0,0,0,271661
Fremantle Surf Life Saving Club Inc,34048412533,Fremantle Slsc,North Fremantle,6159,admin@fremantlesurfclub.com.au,admin@fremantlesurfclub.com.au,Medium,"Adults - aged 25 to under 65,Children - aged 6 to under 15,Youth - 15 to under 25,General community in Australia",,24 October 2019,31 October 2020,30-4月,WA," $591,872.00",20000,66877,459105,2624,43266," $635,496.00",0,0,0,167566,467930
Kawana Waters Surf Life Saving Club Inc,84253342007,Po Box 152,Buddina,4575,accounts@kawanasurfclub.com.au,accounts@kawanasurfclub.com.au,Medium,General community in Australia,1980,26 May 2020,31 October 2021,30-4月,QLD," $459,125.00",99570,52659,25207,0,281689," $447,783.00",0,0,0,65999,381784
Etty Bay Surf Life Savings Club Inc,83347395660,Po Box 805,Innisfail,4860,ettybayslsc.admin@bigpond.com,ettybayslsc.treas@bigpond.com,Small,General community in Australia,1935,23 May 2020,30 June 2021,31-12月,QLD," $82,595.00",55375,2697,10098,184,14241," $64,081.00",0,0,0,0,64081
Carlton Park Surf Life Saving Club Inc,28606295281,Po Box 44,Dodges Ferry,7173,carltonpark@slst.asn.au,carltonpark@slst.asn.au,Medium,General community in Australia,1975,26 August 2019,31 October 2020,30-4月,TAS," $336,244.00",256000,14795,25882,689,38878," $161,009.00",0,0,0,0,161009
Hat Head Surf Life Saving Club Incorporated,16293052146,Cnr Bay & Myrtle St,Hat Head,2440,hatheadslsc@gmail.com,hatheadslsc@gmail.com,Small,"Adults - aged 25 to under 65,Children - aged 6 to under 15,Youth - 15 to under 25",1989,27 November 2019,31 December 2020,30-6月,NSW," $48,895.00",0,18234,0,0,30661," $52,759.00",0,0,0,0,52759
Gerringong Surf And Life Saving Club Inc.,69219855751,71 Pacific Ave,Werri Beach,2534,alansain1949@hotmail.com,alansain1949@hotmail.com,Small,General community in Australia,1976,15 October 2019,31 October 2020,30-4月,NSW," $116,182.00",1100,22082,93000,0,0," $82,344.00",0,0,0,0,82344
Cape Hawke Surf Lifesaving Club Incorporated,55908765052,1 Palmgrove Pl,Forster,2428,info@capehawkeslsc.org.au,curto@bigpond.net.au,Small,General community in Australia,1979,13 January 2020,31 October 2020,30-4月,NSW," $160,957.00",2450,46242,38516,60,73689," $119,682.00",0,0,0,6345,113337
Cabarita Beach Surf Lifesaving Club Incorporated,44811676474,7 Pandanus Pde,Cabarita Beach,2488,admin@cabaslsc.org.au,admin@cabaslsc.org.au,Medium,"Aboriginal and Torres Strait Islander people,Adults - aged 25 to under 65,Adults - aged 65 and over,Children - aged 6 to under 15,Families,Females,Gay, lesbian, bisexual, transgender or intersex persons,Males,Migrants, refugees or asylum seekers,People from a culturally and linguistically diverse background,People with disabilities,Youth - 15 to under 25,Other charities",1949,13 November 2019,31 December 2020,30-6月,NSW," $357,332.00",8964,21448,279173,3395,44352," $356,539.00",0,0,0,128770,227769
Fairy Meadow Surf Life Saving Club Inc,86308967130,2 Elliotts Rd,Fairy Meadow,2519,admin@fairymeadowslsc.com,admin@fairymeadowslsc.com,Small,"Aboriginal and Torres Strait Islander people,Adults - aged 25 to under 65,Adults - aged 65 and over,Children - aged 6 to under 15,Families,Females,Financially disadvantaged people,Gay, lesbian, bisexual, transgender or intersex persons,Males,Migrants, refugees or asylum seekers,People from a culturally and linguistically diverse background,People with disabilities,Unemployed persons,Veterans and/or their families,Youth - 15 to under 25,General community in Australia",1949,30 January 2020,31 December 2020,30-6月,NSW," $37,185.00",12682,10678,8811,469,4545," $45,633.00",0,0,0,0,45633
Caves Beach Surf Life Saving Club Inc,41558048456,131 Caves Beach Road,Caves Beach,2281,secretary@cavesslsc.com.au,secretary@cavesslsc.com.au,Medium,"Children - aged 6 to under 15,General community in Australia",,4 June 2020,31 October 2021,30-4月,NSW," $345,705.00",38330,73620,210916,710,22129," $291,356.00",0,0,0,0,291356
Bungan Beach Surf Life Saving Club Inc,63391106437,Lower Myola Road,Newport,2106,info.bungan@gmail.com,info.bungan@gmail.com,Small,General community in Australia,1952,29 August 2019,30 November 2020,31-5月,NSW," $71,005.00",8800,14528,0,598,47079," $73,689.00",0,0,0,0,73689
Era Surf Life Saving Club Incorporated,92275174739,17 Hill St,Bulli,2516,riverside1@bigpond.com.au,riverside1@bigpond.com.au,Small,General community in Australia,1937,17 September 2019,31 December 2020,30-6月,NSW," $105,985.00",10455,25028,47215,760,22527," $109,979.00",0,0,0,0,109979
Bulli Surf Life Saving Club Incorporated,33908694170,Trinity Row,Bulli,2517,bullisurfclub@gmail.com,bullisurfclub@gmail.com,Medium,General community in Australia,1912,20 August 2019,31 December 2020,30-6月,NSW," $596,336.00",357712,109450,54764,1128,73282," $172,719.00",0,0,0,0,172719
Bridport Surf Life Saving Club Inc,94490022961,Po Box 140,Bridport,7262,secretary@bridportslsc.org.au,secretary@bridportslsc.org.au,Small,General community in Australia,2010,23 April 2020,7 April 2019,30-6月,TAS," $54,042.00",10675,1994,41373,0,0," $44,061.00",0,0,0,0,44061
Binningup Surf Life Saving Club (incorporated),73391478164,Po Box 420,Australind,6233,binningupslsc@hotmail.com,binningupslsc@hotmail.com,Small,"Adults - aged 25 to under 65,Children - aged 6 to under 15,Youth - 15 to under 25,General community in Australia",,29 October 2019,31 October 2020,30-4月,WA," $60,797.00",5500,13634,12505,475,28683," $29,656.00",5000,0,0,0,24656
Elouera Surf Life Saving Club Inc,87384377411,80 Mitchell Rd,Cronulla,2230,administration@elouera.com,administration@elouera.com,Large,"Children - aged 6 to under 15,Families,People with disabilities,General community in Australia",1965,29 August 2019,31 October 2020,30-4月,NSW," $1,151,622.00",17405,101260,0,0,1032957," $1,215,618.00",0,0,10594,187105,1017919
Burning Palms Surf Life Saving Club,25945774843,8 Harpur Pl,Casula,2170,info@burningpalmsslsc.com.au,info@burningpalmsslsc.com.au,Small,"Adults - aged 25 to under 65,Adults - aged 65 and over,Children - aged 6 to under 15,Families,Females,Males,Youth - 15 to under 25,General community in Australia",1938,16 May 2019,31 October 2020,30-4月,NSW," $115,468.00",35736,14150,64542,1040,0," $71,366.00",0,0,0,0,71366
Bronte Surf Life Saving Club Inc,47683939515,Clubhouse Bronte Beach Nsw,Bronte,2024,management@brontesurfclub.com.au,management@brontesurfclub.com.au,Large,General community in Australia,1902,18 September 2019,31 October 2020,30-4月,NSW," $1,365,704.00",38280,104050,994073,34392,194909," $1,129,715.00",1810,0,10963,200887,916055
Dongara Denison Surf Life Saving Club Incorporated,96881276363,White Tops Rd,Dongara,6525,rod@edwardspartners.com.au,rod@edwardspartners.com.au,Small,General community in Australia,2002,29 March 2018,7 April 2019,30-6月,WA," $42,995.00",12943,990,8902,36,20124," $35,543.00",0,0,0,0,35543
Boat Harbour Beach Surf Life Saving Club,13927694487,286 Port Rd,Boat Harbour Beach,7321,sfairbrother@bigpond.com,sfairbrother@bigpond.com,Small,"Families,People in rural/regional/remote communities,General community in Australia",,23 March 2020,31 December 2020,30-6月,TAS," $46,300.00",10000,300,36000,0,0," $50,000.00",15000,0,0,0,35000
Bermagui Surf Life Saving Club Inc,59551411543,22 Lamont St,Bermagui,2546,bermisurfclub@gmail.com,bermisurfclub@gmail.com,Small,"People with chronic illness (including terminal illness),People with disabilities,Victims of disaster,General community in Australia",1998,22 January 2020,31 December 2020,30-6月,NSW," $72,530.00",6520,9977,56033,0,0," $45,326.00",3810,0,0,0,41516
Cudgen Headland Surf Life Saving Club Limited,89056438530,61 Marine Parade,Kingscliff,2487,admin@cudgenslsc.org.au,admin@cudgenslsc.org.au,Large,General community in Australia,1921,19 November 2019,31 October 2020,30-4月,NSW," $3,650,768.00",214316,105544,2959621,9440,361847," $3,186,303.00",39529,0,343,936710,2209721
Coolum Beach Surf Lifesaving Club Inc,47530546968,1775-1779 David Low Way,Coolum Beach,4573,admin@coolumsurfclub.com.au,admin@coolumsurfclub.com.au,Large,General community in Australia,1917,23 October 2019,31 October 2020,30-4月,QLD," $1,686,874.00",38932,710301,61155,0,876486," $364,194.00",0,0,17573,116361,230260
Elliott Heads Surf Lifesaving Club Inc,81423865698,2 Lihs St,Elliott Heads,4670,robert.holden8@bigpond.com,robert.holden8@bigpond.com,Small,"Adults - aged 25 to under 65,Children - aged 6 to under 15,Youth - 15 to under 25,General community in Australia",1990,3 September 2019,31 October 2020,30-4月,QLD," $211,278.00",110801,12686,35655,0,52136," $171,386.00",64986,0,0,0,106400
Cooks Hill Surf Life Saving Club Inc,17023819760,Memorial Drive,Bar Beach,2301,secretary@cookshillsurfclub.com.au,secretary@cookshillsurfclub.com.au,Large,"Children - aged 6 to under 15,People from a culturally and linguistically diverse background,People with disabilities,General community in Australia",1910,7 August 2019,30 November 2020,30-5月,NSW," $1,126,259.00",314182,234360,575510,2207,0," $491,870.00",0,0,0,101722,390148
Clifton Beach Surf Life Saving Club Inc,95273665453,465 Clifton Beach Road,Clifton Beach,7020,info@cliftonbeachslsc.com.au,treasurer@cliftonbeachslsc.com.au,Medium,General community in Australia,1963,21 September 2019,31 October 2020,30-4月,TAS," $258,621.00",4505,749,112810,1101,139456," $110,131.00",0,0,0,0,110131
Coogee Beach Surf Lifesaving Club Inc,52780565587,20 Coogee Rd,Munster,6166,clubadministrator@cbslsc.com.au,clubadministrator@cbslsc.com.au,Large,General community in Australia,2002,21 April 2020,31 October 2020,30-4月,WA," $1,236,049.00",84334,15547,1076618,0,59550," $1,247,350.00",0,0,2021,407695,837634
Dicky Beach Surf Life Saving Club Inc.,54619267288,1a Coochin St,Dicky Beach,4551,lifesaving@dickybeachsurfclub.com,lifesaving@dickybeachsurfclub.com,Medium,"Families,General community in Australia",1949,7 October 2019,31 October 2020,30-4月,QLD," $894,050.00",26541,481221,75567,1963,308758," $614,219.00",634,0,0,170052,443533
Chiton Rocks Surf Lifesaving Club Inc,62902946739,Chiton Slsc,Chiton,5211,chitonrocks@gmail.com,chitonrocks@gmail.com,Large,General community in Australia,1935,15 November 2018,31 October 2019,30-4月,SA," $2,313,027.00",2253096,894,12000,356,46681," $157,403.00",0,0,0,0,157403
Champion Bay Surf Life Saving Club,46572419623,Champion Beach Forrest Street,Geraldton,6530,admin@champions.org.au,admin@champions.org.au,Small,General community in Australia,2001,17 September 2019,31 January 2020,30-6月,WA," $105,957.00",10156,43705,48890,3206,0," $14,053.00",0,0,0,0,14053
Cronulla Surf Life Saving Club Inc,92741074881,6r The Esplanade,Cronulla,2230,admin@cronullasurfclub.com,admin@cronullasurfclub.com,Large,"People with disabilities,General community in Australia",1906,22 October 2019,31 October 2020,30-4月,NSW," $3,865,736.00",3051165,42776,719303,11887,40605," $650,165.00",0,0,0,81121,569044
Cape Paterson Surf Life Saving Club Inc,78434245204,Po Box 192,Camberwell,3124,president@cpslsc.org.au,secretary@cpslsc.org.au,Small,General community in Australia,1959,4 October 2019,31 October 2020,30-4月,VIC," $204,387.00",50000,25298,125580,2042,1467," $89,919.00",0,0,0,0,89919
Coffs Harbour Surf Life Saving Club Ltd,54002880346,Surf Club,Coffs Harbour,2450,info@coffsharcoursurfclub.com.au,info@coffsharboursurfclub.com.au,Medium,General community in Australia,,10 February 2020,31 December 2020,30-6月,NSW," $883,572.00",5000,274412,553184,0,50976," $747,251.00",0,0,0,185871,561380
Byron Bay Surf Life Saving Club Inc,91080651679,Bay St,Byron Bay,2481,adminbbslsc@byronbaysurfclub.org,adminbbslsc@byronbaysurfclub.org,Small,General community in Australia,1907,4 November 2019,30 September 2020,31-3月,NSW," $228,525.00",13281,45563,97643,17150,54888," $113,015.00",250,0,0,7385,105380
Burnie Surf Life Saving Club Inc,20690531660,5 North Tce,Burnie,7320,secretary@burnieslsc.org.au,treasurer@burnieslsc.org.au,Small,General community in Australia,1920,15 September 2019,31 October 2020,30-4月,TAS," $126,556.00",20636,31799,38328,0,35793," $133,755.00",0,0,0,0,133755
Broome Surf Life Saving Club Incorporated,69552813093,Lot 2789 Cable Beach Rd W,Cable Beach,6726,broomeslsc@westnet.com.au,broomeslsc@westnet.com.au,Medium,General community in Australia,,12 June 2020,31 January 2020,30-6月,WA," $425,720.00",340385,6317,79018,0,0," $160,745.00",0,0,0,64076,96669
City Of Bunbury Surf Lifesaving Club Inc,49959694957,Ocean Drive,Bunbury,6230,surfclub@bunburyslsc.com.au,surfclub@bunburyslsc.com.au,Medium,"Children - aged 6 to under 15,Families,Youth - 15 to under 25,General community in Australia",1914,28 October 2019,31 October 2020,30-4月,WA," $335,789.00",11500,7030,317259,0,0," $293,349.00",0,0,0,75492,217857
Carrum Surf Life Saving Club Incorporated,66265342567,15 Old Post Office Lane,Carrum,3197,info@carrumslsc.com,info@carrumslsc.com,Small,"Families,General community in Australia",,17 January 2020,31 December 2020,30-6月,VIC," $88,318.00",18562,22504,45815,0,1437," $73,046.00",0,0,0,0,73046
Camden Haven Surf Life Saving Club Incorporated,62004921825,128 The Parade,North Haven,2443,secretary@chslsc.com,secretary@chslsc.com,Small,General community in Australia,1989,3 September 2019,31 October 2020,30-4月,NSW," $84,809.00",28275,15969,35467,1226,3872," $68,008.00",0,0,0,0,68008
Bribie Island Surf Life Saving Club Inc,48234084106,1 First Ave,Woorim,4507,bribiesc@bigpond.com.au,bribiesc@bigpond.com.au,Medium,General community in Australia,1988,24 July 2019,31 October 2020,30-4月,QLD," $286,291.00",47912,47965,11859,0,178555," $185,459.00",0,0,0,22226,163233
Broadbeach Surf Life Saving Club Inc.,67470166019,27 Broadbeach Bvd,Broadbeach,4218,office@broadbeachslsc.com,office@broadbeachslsc.com,Medium,"Adults - aged 25 to under 65,Children - aged 6 to under 15,Youth - 15 to under 25,General community in Australia",1985,7 June 2020,31 October 2021,30-4月,QLD," $361,607.00",66835,98248,13524,0,183000," $345,812.00",0,0,0,31188,314624
Birubi Point Surf Life Saving Club Incorporated,67616021024,Po Box 200,Anna Bay,2316,birubisecretary@gmail.com,birubisecretary@gmail.com,Small,"Adults - aged 25 to under 65,Children - aged 6 to under 15,Youth - 15 to under 25,General community in Australia",1998,13 August 2019,30 September 2020,31-3月,NSW," $86,114.00",11078,0,6700,2637,65699," $119,761.00",2000,0,0,0,117761
Bundaberg Surf Life Saving Club Inc,67054869018,Po Box 8282,Bargara,4670,treasurer@bundabergslsc.com.au,treasurer@bundabergslsc.com.au,Medium,"Females,Males,General community in Australia",1922,30 October 2019,31 October 2020,30-4月,QLD," $285,452.00",47082,51773,9594,10143,166860," $274,037.00",0,0,0,0,274037
Bellambi Surf Life Saving Club Inc,31559131560,1 Morgan Pl,Bellambi,2518,bellambislsc@bellambislsc.com.au,bellambislsc@bellambislsc.com.au,Small,General community in Australia,1907,18 October 2019,31 August 2020,30-6月,NSW," $12,265.00",5500,3302,0,0,3463," $25,398.00",0,0,0,0,25398
Inverloch Surf Life Saving Club,81679868651,163 Surf Parade,Inverloch,3996,info@islsc.org.au,info@islsc.org.au,Small,"Females,Males,General community in Australia",1998,26 November 2019,30 November 2020,31-5月,VIC," $132,747.00",27000,21479,83845,423,0," $143,102.00",5000,0,0,0,138102
Bancoora Surf Life Saving Club Inc.,65095505705,36 Riviera Cres,Ocean Grove,3226,robert3mckinley@gmail.com,robert3mckinley@gmail.com,Small,"Adults - aged 25 to under 65,Children - aged 6 to under 15,Females,Males,Youth - 15 to under 25,General community in Australia",1962,20 January 2020,31 October 2020,30-4月,VIC," $83,508.00",24250,10630,24672,8391,15565," $75,368.00",0,0,0,0,75368
Geraldton Surf Life Saving Club,83976723238,260 Willcock Dr,Mahomets Flats,6530,surfclub@geraldtonslsc.com.au,surfclub@geraldtonslsc.com.au,Small,"Children - aged 6 to under 15,Families,General community in Australia",1929,29 November 2019,31 December 2020,30-6月,WA," $193,568.00",65000,36408,40694,0,51466," $99,220.00",0,0,0,0,99220
Bondi Surf Bathers Life Savings Club Incorporated,78306614913,Queen Elizabeth Drive,Bondi Beach,2026,secretary@bondisurfclub.com,secretary@bondisurfclub.com,Medium,"Aboriginal and Torres Strait Islander people,Adults - aged 25 to under 65,Adults - aged 65 and over,Children - aged 6 to under 15,Families,Females,Financially disadvantaged people,Gay, lesbian, bisexual, transgender or intersex persons,Males,Overseas communities or charities,People from a culturally and linguistically diverse background,Youth - 15 to under 25,Other charities,General community in Australia",1905,1 November 2019,31 October 2020,30-4月,NSW," $904,639.00",41721,457532,274096,0,131290," $864,203.00",0,0,0,108502,755701
Forster Surf Lifesaving Club Inc,93595891528,Cnr Beach And North Street,Forster,2428,ka55za@live.com.au,ka55za@live.com.au,Small,General community in Australia,1988,1 October 2019,31 October 2020,30-4月,NSW," $133,319.00",21318,28041,0,25139,58821," $99,814.00",0,0,0,0,99814
Copacabana Surf Lifesaving Club Inc,74274870207,Del Monte Pl,Copacabana,2251,admin@copacabanaslsc.org.au,admin@copacabanaslsc.org.au,Small,"Adults - aged 25 to under 65,People with disabilities,Youth - 15 to under 25,General community in Australia",1990,5 August 2019,31 October 2019,30-4月,NSW," $103,257.00",10000,2920,85652,1671,3014," $135,285.00",0,0,0,0,135285
Bilinga Surf Life Saving Club Inc,81501062911,257 Golden Four Dr,Bilinga,4225,office@bilingaslsc.com,treasurer@bilingaslsc.com,Small,General community in Australia,1937,25 June 2019,31 October 2020,30-4月,QLD," $185,149.00",48084,19106,110519,174,7266," $181,996.00",0,0,0,24181,157815
Anglesea Surf Lifesaving Club Inc.,14544659974,100 Great Ocean Rd,Anglesea,3230,info@angleseaslsc.org.au,richard@westcarrharvey.com.au,Large,General community in Australia,1951,25 September 2019,31 October 2020,30-4月,VIC," $1,213,383.00",107750,637522,37431,9109,421571," $676,551.00",0,0,0,163802,512749
Port Bouvard Surf Lifesaving Club,68400951810,1 Southport Boulevard Dawesville,Mandurah,6211,admin@portbouvardslsc.com.au,admin@portbouvardslsc.com.au,Medium,"Youth - 15 to under 25,General community in Australia",2003,29 October 2019,31 October 2018,30-4月,WA," $830,688.00",652146,0,178542,0,0," $1,083,260.00",0,0,0,0,1083260
Somerset Surf Lifesaving Club,82684212685,Po Box 208,Somerset,7322,somersetslsc@slst.asn.au,treasurersslsc@gmail.com,Small,"Children - aged 6 to under 15,Youth - 15 to under 25,General community in Australia",,9 December 2019,30 November 2019,31-5月,TAS," $79,969.00",10000,0,69969,0,0," $77,249.00",0,0,0,0,77249
Bilgola Surf Lifesaving Club Inc,64566803132,"The Serpentine, Bilgola Beach",Bilgola,2107,director.finance@bilgolaslsc.org.au,club.coordinator@bilgolaslsc.org.au,Medium,General community in Australia,,1 June 2020,31 December 2020,30-6月,NSW," $391,983.00",18306,10313,318846,8890,35628," $334,797.00",0,0,0,0,334797
Coalcliff Surf Life Saving Club,63802218616,Lawrence Hargrave Drive,Coalcliff,2508,secretary@coalcliffslsc.com.au,secretary@coalcliffslsc.com.au,Small,General community in Australia,1921,28 January 2020,31 December 2020,30-6月,NSW," $45,602.00",27610,1753,3971,1139,11129," $36,745.00",0,0,0,0,36745
Alkimos Surf Life Saving Club Inc.,78406571985,100 Coolangatta Rise,Alkimos,6038,admin@alkimosslsc.com.au,clubdevelopment@alkimosslsc.com.au,Small,"Children - aged 6 to under 15,Families,Youth - 15 to under 25",2017,31 October 2019,31 October 2020,30-4月,WA," $63,131.00",31828,0,13102,0,18201," $75,777.00",38517,0,0,0,37260
Agnes Water Surf Life Saving Club Inc,45845287332,1 Surf Club Avenue,Agnes Water,4677,cwilliams@lifesaving.com.au,cwilliams@lifesaving.com.au,Small,"Children - aged 6 to under 15,General community in Australia",1990,8 July 2019,31 October 2020,30-4月,QLD," $60,587.00",23700,240,2451,612,33584," $71,675.00",0,0,0,0,71675
Devonport Surf Lifesaving Club,18158180993,41 Bluff Rd,Devonport,7310,mail@devonportsurfclub.asn.au,mail@devonportsurfclub.asn.au,Small,"Families,General community in Australia",1928,28 January 2020,31 December 2020,30-6月,TAS," $70,582.00",12364,7954,17290,0,32974," $71,046.00",0,0,0,0,71046
Avoca Beach Surf Life Saving Club Inc.,76358503029,10 Vine Street,Avoca Beach,2251,office@avocabeachslsc.asn.au,office@avocabeachslsc.asn.au,Large,"Aboriginal and Torres Strait Islander people,Adults - aged 25 to under 65,Adults - aged 65 and over,Children - aged 6 to under 15,Families,Females,Gay, lesbian, bisexual, transgender or intersex persons,Males,Migrants, refugees or asylum seekers,People with disabilities,Youth - 15 to under 25,General community in Australia",1928,26 November 2019,31 October 2020,30-4月,NSW," $1,368,564.00",0,73978,705898,0,588688," $1,429,723.00",0,0,0,533744,895979
Arcadian Surf Life Saving Club Inc,31184268117,The Rock Pool,Townsville,4810,arcadian@bigpond.net.au,arcadian@bigpond.net.au,Medium,"Adults - aged 25 to under 65,Adults - aged 65 and over,Children - aged 6 to under 15,Females,Males,Youth - 15 to under 25,General community in Australia",1927,23 October 2019,31 October 2020,30-4月,QLD," $276,844.00",74059,99951,69603,182,33049," $214,368.00",0,0,0,45737,168631
Black Head Surf Life Saving Club Incorporated,39153927691,1 Main St,Black Head,2430,markamowbray@gmail.com,markamowbray@gmail.com,Medium,"Aboriginal and Torres Strait Islander people,Adults - aged 25 to under 65,Adults - aged 65 and over,Children - aged 6 to under 15,Families,Females,Males,People from a culturally and linguistically diverse background,People in rural/regional/remote communities,Youth - 15 to under 25,General community in Australia",,15 February 2020,31 October 2020,30-4月,NSW," $257,984.00",100967,13773,0,0,143244," $109,744.00",0,0,0,0,109744
Yeppoon Surf Lifesaving Club Inc,99103215707,24 Anzac Pde,Yeppoon,4703,president@yeppoonslsc.com.au,president@yeppoonslsc.com.au,Small,"Adults - aged 25 to under 65,Children - aged 6 to under 15,Families,Females,Males,Youth - 15 to under 25,General community in Australia",,9 August 2019,31 October 2020,30-4月,QLD," $136,045.00",32908,2163,100974,0,0," $163,578.00",0,0,0,0,163578
Urunga Surf Life Saving Club,28198791026,Po Box 12,Urunga,2455,sandyclark12@gmail.com,sandyclark12@gmail.com,Medium,General community in Australia,1963,9 December 2019,31 December 2020,30-6月,NSW," $273,540.00",16443,220328,22114,5143,9512," $91,821.00",0,0,0,0,91821
Northcliffe Surf Life Saving Club Inc,63251188527,Po Box 980,Surfers Paradise,4217,info@northcliffesurfclub.com.au,info@northcliffesurfclub.com.au,Large,General community in Australia,1985,24 October 2019,31 October 2020,30-4月,QLD," $2,452,592.00",71144,1500000,881448,0,0," $2,527,897.00",0,0,81531,559998,1886368
Tamarama Surf Life Saving Club Incorporated,44608168834,1a Pacific Ave,Tamarama,2026,secretary@tamaramaslsc.org,secretary@tamaramaslsc.org,Small,General community in Australia,1905,30 September 2017,31 October 2018,30-4月,NSW," $220,826.00",0,90875,0,0,129951," $200,426.00",0,0,0,90000,110426
Sarina Surf Lifesaving Club Inc,64221537105,2b Owen Jenkins Dr,Sarina Beach,4737,lifesaving@sarinasurfclub.com.au,lifesaving@sarinasurfclub.com.au,Small,General community in Australia,1987,25 June 2018,31 October 2019,30-4月,QLD," $166,736.00",90961,3485,0,0,72290," $204,547.00",0,0,0,0,204547
Rainbow Beach Surf Lifesaving Club,79300618601,Po Box 36,Rainbow Beach,4581,surf@rainbowbeachsurf.com.au,handyfamily@bigpond.com,Medium,"Adults - aged 25 to under 65,Adults - aged 65 and over,Children - aged 6 to under 15,Youth - 15 to under 25,General community in Australia",1986,2 January 2019,31 October 2020,30-4月,QLD," $415,665.00",55649,183890,170921,171,5034," $192,504.00",0,0,0,26488,166016
Helensburgh Stanwell Park Surf Lifesaving Club Incorporated,92267821862,1 Beach Rd,Stanwell Park,2508,secretary@stanwellparksurfclub.com,secretary@stanwellparksurfclub.com,Small,General community in Australia,1907,1 October 2019,30 September 2020,31-3月,NSW," $179,171.00",28627,64588,47450,8725,29781," $170,215.00",3135,0,0,0,167080
Newcastle Surf Life Saving Club,42366587308,,,,newcslsc1908@gmail.com,newcslsc1908@gmail.com,Medium,General community in Australia,1904,15 January 2020,30 November 2020,31-5月,NSW," $255,000.00",10000,39000,180000,0,26000," $199,000.00",0,0,0,0,199000
Toowoon Bay Surf Lifesaving Club,58960471011,160 Bay Road,Toowoon Bay,2261,office.toowoonbayslsc@gmail.com,finance.toowoonbayslsc@gmail.com,Medium,"Families,People with disabilities,General community in Australia",1953,25 October 2019,31 October 2020,30-4月,NSW," $761,459.00",16500,12375,551431,1475,179678," $697,987.00",0,0,0,266805,431182
